LC08_L1GT_019005_20220816_20220823_02_T2,LC08_L1GT_019005_20230429_20230509_02_T2
LC08_L1GT_035117_20231209_20231214_02_T2,LC08_L1GT_035117_20240211_20240222_02_T2
LC09_L1GT_210118_20211221_20230504_02_T2,LC08_L1GT_210118_20221114_20221122_02_T2
LC09_L1TP_231010_20230520_20230520_02_T1,LC09_L1TP_231010_20230707_20230707_02_T1
LC08_L1TP_054245_20220821_20220923_02_T1,LC08_L1GT_054245_20230824_20230905_02_T2
LC09_L1TP_142038_20220502_20230418_02_T1,LC08_L1TP_142038_20220830_20220910_02_T1
LC08_L1TP_142037_20230529_20230607_02_T1,LC08_L1TP_142037_20231105_20231110_02_T1
LC08_L1TP_142038_20220627_20220706_02_T1,LC08_L1TP_142038_20220830_20220910_02_T1
LC08_L1GT_080112_20211230_20220105_02_T2,LC08_L1GT_080112_20230102_20230111_02_T2
LC08_L1GT_198117_20220126_20220204_02_T2,LC09_L1GT_198117_20220219_20230427_02_T2
LC08_L1GT_077120_20211209_20211215_02_T2,LC08_L1GT_077120_20230113_20230130_02_T2
LC08_L1GT_006118_20211021_20211102_02_T2,LC09_L1GT_006118_20221219_20230317_02_T2
LC08_L1TP_231010_20220610_20220616_02_T1,LC09_L1TP_231010_20230707_20230707_02_T1
LC09_L1TP_027005_20220917_20230328_02_T1,LC09_L1TP_027005_20230616_20230616_02_T2
LC08_L1GT_019005_20220528_20220603_02_T2,LC08_L1GT_019005_20230429_20230509_02_T2
LC09_L1TP_142038_20211209_20230505_02_T1,LC08_L1TP_142038_20220830_20220910_02_T1
LC08_L1TP_054245_20220517_20220525_02_T1,LC08_L1GT_054245_20230824_20230905_02_T2
LC09_L1TP_058247_20220622_20230411_02_T1,LC08_L1TP_058247_20220801_20220805_02_T1
LC09_L1TP_008013_20230814_20230814_02_T1,LC09_L1TP_008013_20231001_20231001_02_T1
LC09_L1GT_025004_20230501_20230501_02_T2,LC08_L1GT_025004_20240308_20240315_02_T2
LC09_L1GT_118108_20220323_20230424_02_T2,LC09_L1GT_118108_20230902_20230902_02_T2
LC09_L1GT_080112_20221209_20230318_02_T2,LC08_L1GT_080112_20230102_20230111_02_T2
LC09_L1GT_120118_20221202_20230319_02_T2,LC09_L1GT_120118_20230103_20230315_02_T2
LC08_L1TP_008013_20230822_20230826_02_T1,LC09_L1TP_008013_20231001_20231001_02_T1
LC09_L1GT_049120_20221114_20230322_02_T2,LC08_L1GT_049120_20221224_20230103_02_T2
LC09_L1GT_124113_20211227_20230503_02_T2,LC09_L1GT_124113_20221214_20230318_02_T2
LC08_L1TP_142038_20210827_20210901_02_T1,LC08_L1TP_142038_20220830_20220910_02_T1
LC08_L1TP_154004_20220717_20220726_02_T1,LC08_L1TP_154004_20220818_20220824_02_T1
LC09_L1GT_144121_20211207_20230505_02_T2,LC08_L1GT_144121_20230220_20230224_02_T2
LC08_L1GT_118107_20231028_20231101_02_T2,LC08_L1GT_118107_20231129_20231208_02_T2
LC09_L1GT_025004_20221005_20230326_02_T2,LC08_L1GT_025004_20240308_20240315_02_T2
LC09_L1GT_126121_20220110_20230502_02_T2,LC08_L1GT_126121_20220118_20220123_02_T2
LC09_L1GT_009004_20221005_20230326_02_T2,LC09_L1TP_009004_20230501_20230501_02_T1
LC08_L1GT_049120_20220207_20220211_02_T2,LC08_L1GT_049120_20221224_20230103_02_T2
LC08_L1GT_126121_20211201_20211209_02_T2,LC08_L1GT_126121_20220118_20220123_02_T2
LC08_L1TP_142037_20220713_20220722_02_T1,LC08_L1TP_142037_20231105_20231110_02_T1
LC09_L1TP_027246_20220325_20230424_02_T1,LC08_L1TP_027246_20230405_20230412_02_T1
LC08_L1GT_233114_20220928_20221004_02_T2,LC08_L1GT_233114_20230118_20230131_02_T2
LC08_L1TP_055017_20230511_20230518_02_T1,LC09_L1TP_055017_20230807_20230808_02_T1
LC09_L1GT_113122_20230102_20230315_02_T2,LC08_L1GT_113122_20240113_20240123_02_T2
LC08_L1GT_124113_20211203_20211209_02_T2,LC09_L1GT_124113_20221214_20230318_02_T2
LC08_L1TP_009004_20220911_20220921_02_T2,LC09_L1TP_009004_20230501_20230501_02_T1
LC08_L1TP_055017_20220828_20220912_02_T1,LC09_L1TP_055017_20230807_20230808_02_T1
LC08_L1GT_144121_20221202_20221212_02_T2,LC08_L1GT_144121_20230220_20230224_02_T2
LC09_L1GT_122111_20221216_20230317_02_T2,LC09_L1GT_122111_20240308_20240308_02_T2
LC08_L1TP_020007_20220823_20220923_02_T1,LC08_L1TP_020007_20231029_20231109_02_T1
LC09_L1TP_054245_20220626_20230409_02_T1,LC08_L1GT_054245_20230824_20230905_02_T2
LC08_L1GT_122111_20230330_20230405_02_T2,LC09_L1GT_122111_20240308_20240308_02_T2
LC08_L1GT_066118_20221129_20221206_02_T2,LC08_L1GT_066118_20231031_20231109_02_T2
LC08_L1GT_129122_20221225_20230103_02_T2,LC09_L1GT_129122_20231204_20231204_02_T2
LO09_L1GT_124113_20220317_20230424_02_T2,LC09_L1GT_124113_20221214_20230318_02_T2
LC09_L1GT_139114_20230124_20230312_02_T2,LC09_L1GT_139114_20231210_20231210_02_T2
LC08_L1TP_055017_20220913_20220922_02_T1,LC09_L1TP_055017_20230807_20230808_02_T1
LC08_L1GT_118107_20230926_20231002_02_T2,LC08_L1GT_118107_20231129_20231208_02_T2
LC08_L1GT_118108_20230318_20230324_02_T2,LC09_L1GT_118108_20230902_20230902_02_T2
LC08_L1TP_044024_20221002_20221012_02_T1,LC09_L1TP_044024_20230709_20230710_02_T1
LC09_L1TP_142037_20230622_20230622_02_T1,LC08_L1TP_142037_20231105_20231110_02_T1
LC08_L1TP_154004_20220412_20220419_02_T2,LC08_L1TP_154004_20220818_20220824_02_T1
LC09_L1GT_129122_20230203_20230311_02_T2,LC09_L1GT_129122_20231204_20231204_02_T2
LC08_L1TP_058247_20210814_20210826_02_T1,LC08_L1TP_058247_20220801_20220805_02_T1
LC09_L1TP_015001_20220828_20230331_02_T1,LC09_L1TP_015001_20230831_20230831_02_T1
LC08_L1TP_055017_20220406_20220412_02_T1,LC09_L1TP_055017_20230807_20230808_02_T1
LC08_L1TP_055239_20210419_20210501_02_T2,LC09_L1TP_055239_20220804_20230404_02_T1
LC08_L1TP_058247_20220716_20220725_02_T1,LC08_L1TP_058247_20220801_20220805_02_T1
LC08_L1GT_135112_20221219_20230113_02_T2,LC08_L1GT_135112_20230120_20230131_02_T2
LC08_L1GT_025004_20230728_20230805_02_T2,LC08_L1GT_025004_20240308_20240315_02_T2
LC09_L1GT_019005_20221011_20230326_02_T2,LC08_L1GT_019005_20230429_20230509_02_T2
LC08_L1GT_072111_20231025_20231101_02_T2,LC08_L1GT_072111_20240113_20240123_02_T2
LC09_L1GT_025004_20230922_20230922_02_T2,LC08_L1GT_025004_20240308_20240315_02_T2
LC08_L1GT_122112_20210103_20210308_02_T2,LC09_L1GT_122112_20220215_20230427_02_T2
LC08_L1GT_124113_20211117_20211125_02_T2,LC09_L1GT_124113_20221214_20230318_02_T2
LC09_L1GT_118108_20230206_20230311_02_T2,LC09_L1GT_118108_20230902_20230902_02_T2
LC09_L1TP_055017_20220905_20230330_02_T1,LC09_L1TP_055017_20230807_20230808_02_T1
LC09_L1TP_020007_20221002_20230327_02_T1,LC08_L1TP_020007_20231029_20231109_02_T1
LC09_L1TP_132037_20221003_20230327_02_T1,LC08_L1TP_132037_20221128_20221206_02_T1
LC09_L1GT_118107_20230918_20230918_02_T2,LC08_L1GT_118107_20231129_20231208_02_T2
LC09_L1TP_142038_20220721_20230406_02_T1,LC08_L1TP_142038_20220830_20220910_02_T1
LC09_L1TP_055017_20220225_20230426_02_T1,LC09_L1TP_055017_20230807_20230808_02_T1
LC09_L1GT_154004_20220404_20230423_02_T2,LC08_L1TP_154004_20220818_20220824_02_T1
LC08_L1GT_144121_20230204_20230209_02_T2,LC08_L1GT_144121_20230220_20230224_02_T2
LC08_L1TP_055017_20220508_20220518_02_T1,LC09_L1TP_055017_20230807_20230808_02_T1
LC09_L1GT_049120_20211112_20230506_02_T2,LC08_L1GT_049120_20221224_20230103_02_T2
LC08_L1TP_044024_20220831_20220910_02_T1,LC09_L1TP_044024_20230709_20230710_02_T1
LC08_L1GT_077120_20220126_20220204_02_T2,LC08_L1GT_077120_20230113_20230130_02_T2
LC09_L1GT_129122_20221217_20230317_02_T2,LC09_L1GT_129122_20231204_20231204_02_T2
LC09_L1GT_035117_20240102_20240102_02_T2,LC08_L1GT_035117_20240211_20240222_02_T2
LC08_L1GT_233114_20211027_20211104_02_T2,LC08_L1GT_233114_20230118_20230131_02_T2
LC09_L1TP_044024_20220212_20230427_02_T1,LC09_L1TP_044024_20230709_20230710_02_T1
LC09_L1TP_231010_20221024_20230324_02_T2,LC09_L1TP_231010_20230707_20230707_02_T1
LC09_L1GT_027246_20220901_20230331_02_T2,LC08_L1TP_027246_20230405_20230412_02_T1
LC08_L1GT_118107_20220923_20220929_02_T2,LC08_L1GT_118107_20231129_20231208_02_T2
LC09_L1GT_231112_20220226_20230426_02_T2,LC08_L1GT_231112_20220322_20220329_02_T2
LC09_L1GT_124113_20220128_20230430_02_T2,LC09_L1GT_124113_20221214_20230318_02_T2
LC09_L1GT_224120_20221124_20230320_02_T2,LC08_L1GT_224120_20230220_20230228_02_T2
LC08_L1TP_231010_20220423_20220428_02_T1,LC09_L1TP_231010_20230707_20230707_02_T1
LC09_L1TP_015001_20220406_20230422_02_T1,LC09_L1TP_015001_20230831_20230831_02_T1
LC08_L1GT_066116_20211126_20211201_02_T2,LC09_L1GT_066116_20221105_20230323_02_T2
LC08_L1TP_231010_20220712_20220722_02_T1,LC09_L1TP_231010_20230707_20230707_02_T1
LC08_L1GT_139114_20221231_20230111_02_T2,LC09_L1GT_139114_20231210_20231210_02_T2
LC09_L1GT_175109_20220930_20230327_02_T2,LC09_L1GT_175109_20221117_20230321_02_T2
LC08_L1TP_132037_20220112_20220123_02_T1,LC08_L1TP_132037_20221128_20221206_02_T1
LC08_L1GT_072111_20230315_20230321_02_T2,LC08_L1GT_072111_20240113_20240123_02_T2
LC09_L1TP_008013_20220827_20230331_02_T1,LC09_L1TP_008013_20231001_20231001_02_T1
LC08_L1TP_008013_20220819_20221005_02_T1,LC09_L1TP_008013_20231001_20231001_02_T1
LC09_L1TP_148030_20211111_20230506_02_T1,LC09_L1TP_148030_20220205_20230428_02_T1
LC09_L1GT_019005_20220621_20230411_02_T2,LC08_L1GT_019005_20230429_20230509_02_T2
LC09_L1GT_181131_20211226_20230503_02_T2,LC09_L1GT_181131_20230114_20230314_02_T2
LC09_L1TP_044024_20230404_20230404_02_T1,LC09_L1TP_044024_20230709_20230710_02_T1
LC09_L1TP_139035_20220310_20230425_02_T1,LC08_L1TP_139035_20221215_20221223_02_T1
LC08_L1TP_231010_20230221_20230228_02_T1,LC09_L1TP_231010_20230707_20230707_02_T1
LC09_L1TP_154004_20220709_20230408_02_T1,LC08_L1TP_154004_20220818_20220824_02_T1
LC09_L1TP_136033_20221218_20230317_02_T1,LC09_L1TP_136033_20240529_20240529_02_T1
LC08_L1GT_224112_20221202_20221212_02_T2,LC08_L1GT_224112_20240326_20240409_02_T2
LC09_L1GT_055017_20221210_20230318_02_T2,LC09_L1TP_055017_20230807_20230808_02_T1
LC08_L1TP_148030_20210415_20210424_02_T1,LC09_L1TP_148030_20220205_20230428_02_T1
LC08_L1TP_020007_20230522_20230602_02_T1,LC08_L1TP_020007_20231029_20231109_02_T1
LC08_L1GT_224120_20220201_20220211_02_T2,LC08_L1GT_224120_20230220_20230228_02_T2
LC08_L1GT_072111_20230211_20230218_02_T2,LC08_L1GT_072111_20240113_20240123_02_T2
LC09_L1GT_135112_20220109_20230502_02_T2,LC08_L1GT_135112_20230120_20230131_02_T2
LC08_L1GT_122112_20210119_20210307_02_T2,LC09_L1GT_122112_20220215_20230427_02_T2
LC09_L1TP_142037_20220721_20230406_02_T1,LC08_L1TP_142037_20231105_20231110_02_T1
LC08_L1TP_015001_20230823_20230826_02_T1,LC09_L1TP_015001_20230831_20230831_02_T1
LC08_L1TP_231010_20220509_20220518_02_T1,LC09_L1TP_231010_20230707_20230707_02_T1
LC09_L1GT_006118_20220218_20230427_02_T2,LC09_L1GT_006118_20221219_20230317_02_T2
LC09_L1TP_132037_20220613_20230412_02_T1,LC08_L1TP_132037_20221128_20221206_02_T1
LC08_L1GT_077120_20220110_20220122_02_T2,LC08_L1GT_077120_20230113_20230130_02_T2
LC08_L1TP_020007_20230420_20230429_02_T1,LC08_L1TP_020007_20231029_20231109_02_T1
LC08_L1TP_015001_20230706_20230717_02_T1,LC09_L1TP_015001_20230831_20230831_02_T1
LC09_L1TP_091239_20230719_20230719_02_T2,LC09_L1GT_091239_20230820_20230820_02_T2
LC09_L1GT_118107_20230206_20230311_02_T2,LC08_L1GT_118107_20231129_20231208_02_T2
LC08_L1GT_118107_20220907_20220914_02_T2,LC08_L1GT_118107_20231129_20231208_02_T2
LC08_L1GT_135112_20230104_20230111_02_T2,LC08_L1GT_135112_20230120_20230131_02_T2
LC08_L1TP_139035_20221129_20221206_02_T1,LC08_L1TP_139035_20221215_20221223_02_T1
LC09_L1TP_044024_20230130_20230311_02_T1,LC09_L1TP_044024_20230709_20230710_02_T1
LC08_L1TP_055239_20220524_20220602_02_T1,LC09_L1TP_055239_20220804_20230404_02_T1
LC08_L1TP_015001_20220430_20220504_02_T1,LC09_L1TP_015001_20230831_20230831_02_T1
LC08_L1GT_198117_20211209_20211215_02_T2,LC09_L1GT_198117_20220219_20230427_02_T2
LC09_L1GT_224112_20230401_20230401_02_T2,LC08_L1GT_224112_20240326_20240409_02_T2
LC08_L1TP_008013_20230502_20230509_02_T1,LC09_L1TP_008013_20231001_20231001_02_T1
LC08_L1TP_009004_20220826_20220909_02_T1,LC09_L1TP_009004_20230501_20230501_02_T1
LC08_L1GT_175109_20220125_20220128_02_T2,LC09_L1GT_175109_20221117_20230321_02_T2
LC09_L1TP_132037_20211111_20230506_02_T1,LC08_L1TP_132037_20221128_20221206_02_T1
LC08_L1GT_066118_20221231_20230110_02_T2,LC08_L1GT_066118_20231031_20231109_02_T2
LC08_L1TP_027005_20220418_20220427_02_T2,LC09_L1TP_027005_20230616_20230616_02_T2
LC08_L1GT_144121_20220201_20220205_02_T2,LC08_L1GT_144121_20230220_20230224_02_T2
LC08_L1TP_054245_20230621_20230630_02_T1,LC08_L1GT_054245_20230824_20230905_02_T2
LC09_L1GT_231112_20211224_20230503_02_T2,LC08_L1GT_231112_20220322_20220329_02_T2
LC08_L1TP_136033_20231127_20231129_02_T1,LC09_L1TP_136033_20240529_20240529_02_T1
LC08_L1TP_139035_20220302_20220309_02_T1,LC08_L1TP_139035_20221215_20221223_02_T1
LC09_L1TP_148030_20211116_20230506_02_T1,LC09_L1TP_148030_20220205_20230428_02_T1
LC08_L1TP_055017_20230204_20230209_02_T1,LC09_L1TP_055017_20230807_20230808_02_T1
LC08_L1GT_175109_20221008_20221013_02_T2,LC09_L1GT_175109_20221117_20230321_02_T2
LC09_L1GT_181131_20221213_20230318_02_T2,LC09_L1GT_181131_20230114_20230314_02_T2
LC09_L1TP_132037_20220120_20230430_02_T1,LC08_L1TP_132037_20221128_20221206_02_T1
LC08_L1GT_224112_20230103_20230111_02_T2,LC08_L1GT_224112_20240326_20240409_02_T2
LC08_L1TP_148030_20201005_20201016_02_T1,LC09_L1TP_148030_20220205_20230428_02_T1
LC08_L1TP_044024_20230428_20230508_02_T1,LC09_L1TP_044024_20230709_20230710_02_T1
LC09_L1TP_142037_20221025_20230324_02_T1,LC08_L1TP_142037_20231105_20231110_02_T1
LO09_L1TP_055017_20230228_20230307_02_T1,LC09_L1TP_055017_20230807_20230808_02_T1
LC08_L1TP_136033_20230908_20230912_02_T1,LC09_L1TP_136033_20240529_20240529_02_T1
LC09_L1TP_136033_20230409_20230409_02_T1,LC09_L1TP_136033_20240529_20240529_02_T1
LC09_L1GT_077120_20220102_20230503_02_T2,LC08_L1GT_077120_20230113_20230130_02_T2
LC08_L1GT_144121_20220217_20220223_02_T2,LC08_L1GT_144121_20230220_20230224_02_T2
LC09_L1TP_009004_20220530_20230414_02_T2,LC09_L1TP_009004_20230501_20230501_02_T1
LC09_L1TP_009004_20220903_20230331_02_T1,LC08_L1TP_009004_20220927_20221004_02_T2
LC09_L1TP_139035_20211204_20230505_02_T1,LC08_L1TP_139035_20221215_20221223_02_T1
LC09_L1TP_142037_20220705_20230408_02_T1,LC08_L1TP_142037_20231105_20231110_02_T1
LC09_L1TP_009004_20220412_20230422_02_T2,LC09_L1TP_009004_20230501_20230501_02_T1
LC08_L1GT_122112_20220122_20220128_02_T2,LC09_L1GT_122112_20220215_20230427_02_T2
LC09_L1GT_224112_20221023_20230324_02_T2,LC08_L1GT_224112_20240326_20240409_02_T2
LC09_L1TP_020007_20230615_20230615_02_T1,LC08_L1TP_020007_20231029_20231109_02_T1
LC09_L1GT_233114_20220107_20230502_02_T2,LC08_L1GT_233114_20230118_20230131_02_T2
LC09_L1GT_129122_20221201_20230319_02_T2,LC09_L1GT_129122_20231204_20231204_02_T2
LC09_L1TP_008013_20230729_20230730_02_T1,LC09_L1TP_008013_20231001_20231001_02_T1
LC08_L1TP_142038_20210608_20210615_02_T1,LC08_L1TP_142038_20220830_20220910_02_T1
LC09_L1TP_142037_20231012_20231012_02_T1,LC08_L1TP_142037_20231105_20231110_02_T1
LC09_L1TP_142037_20230926_20230926_02_T1,LC08_L1TP_142037_20231105_20231110_02_T1
LC09_L1TP_015001_20230409_20230409_02_T1,LC09_L1TP_015001_20230831_20230831_02_T1
LC08_L1GT_233114_20211011_20211019_02_T2,LC08_L1GT_233114_20230118_20230131_02_T2
LC09_L1GT_233114_20220123_20230430_02_T2,LC08_L1GT_233114_20230118_20230131_02_T2
LC09_L1GT_210102_20211221_20230504_02_T2,LC08_L1GT_210102_20220404_20220412_02_T2
LC08_L1GT_035117_20221206_20230112_02_T2,LC08_L1GT_035117_20240211_20240222_02_T2
LC08_L1GT_122111_20230210_20230217_02_T2,LC09_L1GT_122111_20240308_20240308_02_T2
LC09_L1GT_144121_20220124_20230430_02_T2,LC08_L1GT_144121_20230220_20230224_02_T2
LC09_L1GT_233114_20211206_20230505_02_T2,LC08_L1GT_233114_20230118_20230131_02_T2
LC09_L1TP_231010_20220720_20230406_02_T1,LC09_L1TP_231010_20230707_20230707_02_T1
LC09_L1GT_144121_20211223_20230503_02_T2,LC08_L1GT_144121_20230220_20230224_02_T2
LC08_L1GT_035117_20230123_20230207_02_T2,LC08_L1GT_035117_20240211_20240222_02_T2
LC08_L1TP_055017_20230220_20230228_02_T1,LC09_L1TP_055017_20230807_20230808_02_T1
LC09_L1GT_019005_20220605_20230414_02_T2,LC08_L1GT_019005_20230429_20230509_02_T2
LC09_L1TP_055017_20230519_20230519_02_T1,LC09_L1TP_055017_20230807_20230808_02_T1
LC09_L1TP_132037_20220410_20230422_02_T1,LC08_L1TP_132037_20221128_20221206_02_T1
LC08_L1TP_142037_20221204_20221212_02_T1,LC08_L1TP_142037_20231105_20231110_02_T1
LC08_L1GT_124113_20221003_20221012_02_T2,LC09_L1GT_124113_20221214_20230318_02_T2
LC08_L1GT_144121_20230103_20230111_02_T2,LC08_L1GT_144121_20230220_20230224_02_T2
LC09_L1TP_139035_20220222_20230425_02_T1,LC08_L1TP_139035_20221215_20221223_02_T1
LC09_L1GT_072111_20221030_20230323_02_T2,LC08_L1GT_072111_20240113_20240123_02_T2
LC09_L1TP_142037_20220907_20230330_02_T1,LC08_L1TP_142037_20231105_20231110_02_T1
LC08_L1GT_198117_20210224_20210303_02_T2,LC09_L1GT_198117_20220219_20230427_02_T2
LC09_L1GT_008010_20220726_20230406_02_T2,LC08_L1GT_008010_20220904_20220914_02_T2
LC08_L1GT_124113_20211016_20211025_02_T2,LC09_L1GT_124113_20221214_20230318_02_T2
LC09_L1TP_027005_20221003_20230327_02_T1,LC09_L1TP_027005_20230616_20230616_02_T2
LC08_L1TP_231010_20230512_20230518_02_T1,LC09_L1TP_231010_20230707_20230707_02_T1
LC08_L1TP_148030_20210720_20210729_02_T1,LC09_L1TP_148030_20220205_20230428_02_T1
LC08_L1TP_148030_20220128_20220204_02_T1,LC09_L1TP_148030_20220205_20230428_02_T1
LC08_L1TP_148030_20211024_20211103_02_T1,LC09_L1TP_148030_20220205_20230428_02_T1
LC09_L1GT_224120_20211207_20230505_02_T2,LC08_L1GT_224120_20230220_20230228_02_T2
LC09_L1TP_009004_20220514_20230416_02_T1,LC09_L1TP_009004_20230501_20230501_02_T1
LC08_L1GT_049120_20211103_20211109_02_T2,LC08_L1GT_049120_20221224_20230103_02_T2
LC08_L1GT_124113_20220205_20220212_02_T2,LC09_L1GT_124113_20221214_20230318_02_T2
LC08_L1TP_054245_20220906_20220914_02_T1,LC08_L1GT_054245_20230824_20230905_02_T2
LC08_L1TP_027005_20220621_20220705_02_T1,LC09_L1TP_027005_20230616_20230616_02_T2
LC09_L1TP_020007_20230919_20230919_02_T1,LC08_L1TP_020007_20231029_20231109_02_T1
LC08_L1GT_049120_20211221_20211229_02_T2,LC08_L1GT_049120_20221224_20230103_02_T2
LC08_L1TP_015001_20230620_20230630_02_T1,LC09_L1TP_015001_20230831_20230831_02_T1
LC09_L1GT_233114_20211222_20230504_02_T2,LC08_L1GT_233114_20230118_20230131_02_T2
LC08_L1GT_049120_20220223_20220301_02_T2,LC08_L1GT_049120_20221224_20230103_02_T2
LC08_L1TP_136033_20240505_20240513_02_T1,LC09_L1TP_136033_20240529_20240529_02_T1
LC09_L1TP_055017_20230706_20230707_02_T1,LC09_L1TP_055017_20230807_20230808_02_T1
LC08_L1TP_054245_20220805_20220818_02_T1,LC08_L1GT_054245_20230824_20230905_02_T2
LC08_L1TP_142037_20221017_20221031_02_T1,LC08_L1TP_142037_20231105_20231110_02_T1
LC08_L1TP_015001_20220617_20220629_02_T1,LC09_L1TP_015001_20230831_20230831_02_T1
LC08_L1GT_006118_20221211_20221219_02_T2,LC09_L1GT_006118_20221219_20230317_02_T2
LC08_L1TP_148030_20210906_20210915_02_T1,LC09_L1TP_148030_20220205_20230428_02_T1
LC09_L1GT_118108_20230222_20230308_02_T2,LC09_L1GT_118108_20230902_20230902_02_T2
LC09_L1GT_118107_20230310_20230310_02_T2,LC08_L1GT_118107_20231129_20231208_02_T2
LC09_L1TP_132037_20220816_20230402_02_T1,LC08_L1TP_132037_20221128_20221206_02_T1
LC09_L1TP_142037_20230419_20230420_02_T1,LC08_L1TP_142037_20231105_20231110_02_T1
LC08_L1GT_124113_20210930_20211013_02_T2,LC09_L1GT_124113_20221214_20230318_02_T2
LC09_L1TP_136033_20230628_20230628_02_T1,LC09_L1TP_136033_20240529_20240529_02_T1
LC08_L1GT_122112_20211103_20211109_02_T2,LC09_L1GT_122112_20220215_20230427_02_T2
LC08_L1TP_148030_20210704_20210713_02_T1,LC09_L1TP_148030_20220205_20230428_02_T1
LC09_L1GT_144121_20220108_20230502_02_T2,LC08_L1GT_144121_20230220_20230224_02_T2
LC09_L1GT_118107_20231020_20231020_02_T2,LC08_L1GT_118107_20231129_20231208_02_T2
LC08_L1TP_044024_20230701_20230711_02_T1,LC09_L1TP_044024_20230709_20230710_02_T1
LC08_L1TP_136033_20230417_20230428_02_T1,LC09_L1TP_136033_20240529_20240529_02_T1
LC08_L1GT_122111_20220919_20220928_02_T2,LC09_L1GT_122111_20240308_20240308_02_T2
LC09_L1TP_054245_20230528_20230601_02_T1,LC08_L1GT_054245_20230824_20230905_02_T2
LC08_L1TP_044024_20220119_20220127_02_T1,LC09_L1TP_044024_20230709_20230710_02_T1
LC08_L1GT_035117_20231107_20231117_02_T2,LC08_L1GT_035117_20240211_20240222_02_T2
LC08_L1TP_136033_20230111_20230124_02_T1,LC09_L1TP_136033_20240529_20240529_02_T1
LC09_L1GT_008010_20220507_20230417_02_T2,LC08_L1GT_008010_20220904_20220914_02_T2
LC08_L1TP_015001_20230316_20230324_02_T1,LC09_L1TP_015001_20230831_20230831_02_T1
LC09_L1TP_231010_20221008_20230326_02_T1,LC09_L1TP_231010_20230707_20230707_02_T1
LC08_L1GT_129122_20230126_20230208_02_T2,LC09_L1GT_129122_20231204_20231204_02_T2
LC08_L1TP_054245_20230402_20230412_02_T1,LC08_L1GT_054245_20230824_20230905_02_T2
LC09_L1TP_139035_20221004_20230327_02_T1,LC08_L1TP_139035_20221215_20221223_02_T1
LC08_L1GT_118107_20231012_20231017_02_T2,LC08_L1GT_118107_20231129_20231208_02_T2
LC09_L1GT_118108_20220307_20230425_02_T2,LC09_L1GT_118108_20230902_20230902_02_T2
LC08_L1GT_124113_20211219_20211223_02_T2,LC09_L1GT_124113_20221214_20230318_02_T2
LC09_L1TP_142037_20220518_20230416_02_T1,LC08_L1TP_142037_20231105_20231110_02_T1
LC09_L1GT_118108_20221204_20230318_02_T2,LC09_L1GT_118108_20230902_20230902_02_T2
LC09_L1TP_020007_20230717_20230717_02_T1,LC08_L1TP_020007_20231029_20231109_02_T1
LC09_L1TP_027246_20230328_20230328_02_T1,LC08_L1TP_027246_20230405_20230412_02_T1
LC09_L1TP_055017_20230401_20230401_02_T1,LC09_L1TP_055017_20230807_20230808_02_T1
LC09_L1TP_009004_20220327_20230423_02_T2,LC09_L1TP_009004_20230501_20230501_02_T1
LC08_L1GT_224120_20221218_20221227_02_T2,LC08_L1GT_224120_20230220_20230228_02_T2
LC08_L1GT_198117_20201206_20210313_02_T2,LC09_L1GT_198117_20220219_20230427_02_T2
LC09_L1TP_132037_20221104_20230323_02_T1,LC08_L1TP_132037_20221128_20221206_02_T1
LC08_L1GT_231112_20220218_20220301_02_T2,LC08_L1GT_231112_20220322_20220329_02_T2
LC09_L1TP_008013_20230915_20230915_02_T1,LC09_L1TP_008013_20231001_20231001_02_T1
LC09_L1GT_113122_20221201_20230319_02_T2,LC08_L1GT_113122_20240113_20240123_02_T2
LC09_L1TP_132037_20220629_20230409_02_T1,LC08_L1TP_132037_20221128_20221206_02_T1
LC08_L1TP_142037_20230310_20230320_02_T1,LC08_L1TP_142037_20231105_20231110_02_T1
LC08_L1TP_015001_20220516_20220524_02_T1,LC09_L1TP_015001_20230831_20230831_02_T1
LC08_L1GT_066116_20220113_20220123_02_T2,LC09_L1GT_066116_20221105_20230323_02_T2
LC09_L1GT_144121_20230212_20230310_02_T2,LC08_L1GT_144121_20230220_20230224_02_T2
LC09_L1GT_118107_20221220_20230317_02_T2,LC08_L1GT_118107_20231129_20231208_02_T2
LC09_L1TP_142037_20230318_20230318_02_T1,LC08_L1TP_142037_20231105_20231110_02_T1
LC09_L1GT_135112_20221211_20230318_02_T2,LC08_L1GT_135112_20230120_20230131_02_T2
LC09_L1GT_122111_20221130_20230319_02_T2,LC09_L1GT_122111_20240308_20240308_02_T2
LC08_L1GT_124113_20220104_20220113_02_T2,LC09_L1GT_124113_20221214_20230318_02_T2
LC09_L1TP_044024_20230215_20230310_02_T1,LC09_L1TP_044024_20230709_20230710_02_T1
LC08_L1TP_139035_20220708_20220721_02_T1,LC08_L1TP_139035_20221215_20221223_02_T1
LC08_L1TP_008013_20220702_20220707_02_T1,LC09_L1TP_008013_20231001_20231001_02_T1
LC09_L1TP_231010_20220618_20230411_02_T1,LC09_L1TP_231010_20230707_20230707_02_T1
LC08_L1GT_066116_20211212_20211222_02_T2,LC09_L1GT_066116_20221105_20230323_02_T2
LC08_L1GT_118108_20221212_20230112_02_T2,LC09_L1GT_118108_20230902_20230902_02_T2
LC09_L1GT_135112_20211224_20230503_02_T2,LC08_L1GT_135112_20230120_20230131_02_T2
LC09_L1GT_072111_20231017_20231017_02_T2,LC08_L1GT_072111_20240113_20240123_02_T2
LC08_L1TP_008013_20220531_20220609_02_T1,LC09_L1TP_008013_20231001_20231001_02_T1
LC08_L1GT_122112_20210204_20210303_02_T2,LC09_L1GT_122112_20220215_20230427_02_T2
LC09_L1GT_198117_20220118_20230501_02_T2,LC09_L1GT_198117_20220219_20230427_02_T2
LC08_L1GT_122112_20210324_20210401_02_T2,LC09_L1GT_122112_20220215_20230427_02_T2
LC09_L1GT_008010_20220405_20230422_02_T2,LC08_L1GT_008010_20220904_20220914_02_T2
LC08_L1GT_144121_20221116_20221122_02_T2,LC08_L1GT_144121_20230220_20230224_02_T2
LC08_L1TP_027246_20220824_20220924_02_T1,LC08_L1TP_027246_20230405_20230412_02_T1
LC08_L1TP_020007_20220519_20220525_02_T1,LC08_L1TP_020007_20231029_20231109_02_T1
LC08_L1GT_118108_20221110_20221121_02_T2,LC09_L1GT_118108_20230902_20230902_02_T2
LC09_L1GT_080112_20211206_20230505_02_T2,LC08_L1GT_080112_20230102_20230111_02_T2
LC09_L1TP_055017_20220329_20230423_02_T1,LC09_L1TP_055017_20230807_20230808_02_T1
LC09_L1GT_035117_20230320_20230320_02_T2,LC08_L1GT_035117_20240211_20240222_02_T2
LC09_L1TP_132037_20211116_20230506_02_T1,LC08_L1TP_132037_20221128_20221206_02_T1
LC08_L1TP_136033_20240215_20240223_02_T1,LC09_L1TP_136033_20240529_20240529_02_T1
LC09_L1TP_020007_20230223_20230308_02_T1,LC08_L1TP_020007_20231029_20231109_02_T1
LC09_L1GT_120118_20221218_20230317_02_T2,LC09_L1GT_120118_20230103_20230315_02_T2
LC09_L1GT_019005_20220909_20230329_02_T2,LC08_L1GT_019005_20230429_20230509_02_T2
LC09_L1GT_049120_20220130_20230430_02_T2,LC08_L1GT_049120_20221224_20230103_02_T2
LC09_L1GT_122111_20231101_20231101_02_T2,LC09_L1GT_122111_20240308_20240308_02_T2
LC09_L1GT_049120_20221029_20230323_02_T2,LC08_L1GT_049120_20221224_20230103_02_T2
LC08_L1TP_231010_20220322_20220330_02_T1,LC09_L1TP_231010_20230707_20230707_02_T1
LC08_L1GT_118107_20230302_20230316_02_T2,LC08_L1GT_118107_20231129_20231208_02_T2
LC09_L1GT_019005_20220520_20230416_02_T2,LC08_L1GT_019005_20230429_20230509_02_T2
LC09_L1GT_122111_20240205_20240205_02_T2,LC09_L1GT_122111_20240308_20240308_02_T2
LC08_L1GT_144121_20211129_20211208_02_T2,LC08_L1GT_144121_20230220_20230224_02_T2
LC08_L1TP_142037_20230105_20230111_02_T1,LC08_L1TP_142037_20231105_20231110_02_T1
LC08_L1TP_091239_20230727_20230805_02_T1,LC09_L1GT_091239_20230820_20230820_02_T2
LC09_L1GT_072111_20230915_20230915_02_T2,LC08_L1GT_072111_20240113_20240123_02_T2
LC09_L1TP_009004_20220701_20230409_02_T1,LC08_L1TP_009004_20220927_20221004_02_T2
LC09_L1GT_122111_20230101_20230315_02_T2,LC09_L1GT_122111_20240308_20240308_02_T2
LC09_L1TP_136033_20231002_20231002_02_T1,LC09_L1TP_136033_20240529_20240529_02_T1
LC09_L1TP_139035_20221105_20230323_02_T1,LC08_L1TP_139035_20221215_20221223_02_T1
LC09_L1GT_035117_20231014_20231014_02_T2,LC08_L1GT_035117_20240211_20240222_02_T2
LC09_L1GT_233114_20221022_20230325_02_T2,LC08_L1GT_233114_20230118_20230131_02_T2
LC09_L1TP_008013_20230307_20230307_02_T1,LC09_L1TP_008013_20231001_20231001_02_T1
LC08_L1TP_055017_20220422_20220428_02_T1,LC09_L1TP_055017_20230807_20230808_02_T1
LC09_L1TP_142037_20230403_20230403_02_T1,LC08_L1TP_142037_20231105_20231110_02_T1
LC09_L1GT_006118_20220202_20230429_02_T2,LC09_L1GT_006118_20221219_20230317_02_T2
LC09_L1GT_224120_20220124_20230430_02_T2,LC08_L1GT_224120_20230220_20230228_02_T2
LC08_L1GT_077120_20221228_20230104_02_T2,LC08_L1GT_077120_20230113_20230130_02_T2
LC08_L1GT_181131_20211218_20211223_02_T2,LC09_L1GT_181131_20230114_20230314_02_T2
LC09_L1TP_015001_20230527_20230601_02_T1,LC09_L1TP_015001_20230831_20230831_02_T1
LC09_L1TP_142038_20220603_20230414_02_T1,LC08_L1TP_142038_20220830_20220910_02_T1
LC08_L1TP_142037_20230817_20230822_02_T1,LC08_L1TP_142037_20231105_20231110_02_T1
LC09_L1GT_118107_20230222_20230308_02_T2,LC08_L1GT_118107_20231129_20231208_02_T2
LC08_L1GT_126121_20210216_20210301_02_T2,LC08_L1GT_126121_20220118_20220123_02_T2
LC08_L1GT_124113_20220309_20220315_02_T2,LC09_L1GT_124113_20221214_20230318_02_T2
LC08_L1GT_135112_20220117_20220123_02_T2,LC08_L1GT_135112_20230120_20230131_02_T2
LC09_L1GT_113122_20230203_20230311_02_T2,LC08_L1GT_113122_20240113_20240123_02_T2
LC09_L1GT_144121_20220209_20230428_02_T2,LC08_L1GT_144121_20230220_20230224_02_T2
LC08_L1TP_044024_20220714_20220725_02_T1,LC09_L1TP_044024_20230709_20230710_02_T1
LC09_L1TP_132037_20221120_20230319_02_T1,LC08_L1TP_132037_20221128_20221206_02_T1
LC08_L1TP_142038_20210624_20210630_02_T1,LC08_L1TP_142038_20220830_20220910_02_T1
LC08_L1GT_027005_20220520_20220525_02_T2,LC09_L1TP_027005_20230616_20230616_02_T2
LC08_L1GT_006118_20221109_20221121_02_T2,LC09_L1GT_006118_20221219_20230317_02_T2
LC09_L1GT_210118_20221021_20230325_02_T2,LC08_L1GT_210118_20221114_20221122_02_T2
LC08_L1GT_205122_20221229_20221229_02_T2,LC08_L1GT_205122_20231130_20231209_02_T2
LC08_L1GT_144121_20211215_20211223_02_T2,LC08_L1GT_144121_20230220_20230224_02_T2
LC09_L1TP_142037_20230129_20230311_02_T1,LC08_L1TP_142037_20231105_20231110_02_T1
LC08_L1TP_027005_20220301_20220308_02_T2,LC09_L1TP_027005_20230616_20230616_02_T2
LC09_L1TP_136033_20221202_20230319_02_T1,LC09_L1TP_136033_20240529_20240529_02_T1
LC08_L1GT_118107_20221110_20221121_02_T2,LC08_L1GT_118107_20231129_20231208_02_T2
LC08_L1GT_122111_20231227_20240104_02_T2,LC09_L1GT_122111_20240308_20240308_02_T2
LC09_L1GT_135112_20221227_20230316_02_T2,LC08_L1GT_135112_20230120_20230131_02_T2
LC09_L1GT_066118_20221020_20230325_02_T2,LC08_L1GT_066118_20231031_20231109_02_T2
LC08_L1GT_210118_20221013_20221020_02_T2,LC08_L1GT_210118_20221114_20221122_02_T2
LC08_L1TP_132037_20220723_20220802_02_T1,LC08_L1TP_132037_20221128_20221206_02_T1
LC09_L1GT_175109_20220202_20230429_02_T2,LC09_L1GT_175109_20221117_20230321_02_T2
LC09_L1GT_122112_20211229_20230503_02_T2,LC09_L1GT_122112_20220215_20230427_02_T2
LC09_L1TP_020007_20231005_20231005_02_T1,LC08_L1TP_020007_20231029_20231109_02_T1
LC08_L1TP_055239_20210505_20210517_02_T1,LC09_L1TP_055239_20220804_20230404_02_T1
LC08_L1TP_008013_20220616_20220629_02_T1,LC09_L1TP_008013_20231001_20231001_02_T1
LC08_L1GT_224120_20221031_20221108_02_T2,LC08_L1GT_224120_20230220_20230228_02_T2
LC08_L1TP_055017_20230714_20230724_02_T1,LC09_L1TP_055017_20230807_20230808_02_T1
LC09_L1GT_006118_20221016_20230325_02_T2,LC09_L1GT_006118_20221219_20230317_02_T2
LC08_L1GT_144121_20211028_20211103_02_T2,LC08_L1GT_144121_20230220_20230224_02_T2
LC08_L1GT_233114_20221030_20221108_02_T2,LC08_L1GT_233114_20230118_20230131_02_T2
LC09_L1GT_072111_20221014_20230326_02_T2,LC08_L1GT_072111_20240113_20240123_02_T2
LC08_L1GT_118107_20221126_20221205_02_T2,LC08_L1GT_118107_20231129_20231208_02_T2
LC09_L1GT_118108_20221220_20230317_02_T2,LC09_L1GT_118108_20230902_20230902_02_T2
LC09_L1TP_139035_20221207_20230318_02_T1,LC08_L1TP_139035_20221215_20221223_02_T1
LC08_L1TP_015001_20230503_20230509_02_T1,LC09_L1TP_015001_20230831_20230831_02_T1
LC08_L1GT_122112_20211119_20211125_02_T2,LC09_L1GT_122112_20220215_20230427_02_T2
LC08_L1GT_066118_20230201_20230209_02_T2,LC08_L1GT_066118_20231031_20231109_02_T2
LC08_L1GT_122111_20240112_20240123_02_T2,LC09_L1GT_122111_20240308_20240308_02_T2
LC09_L1TP_231010_20230605_20230605_02_T1,LC09_L1TP_231010_20230707_20230707_02_T1
LC08_L1TP_015001_20220820_20220923_02_T1,LC09_L1TP_015001_20230831_20230831_02_T1
LC08_L1TP_142037_20230801_20230805_02_T1,LC08_L1TP_142037_20231105_20231110_02_T1
LC08_L1TP_020007_20230319_20230324_02_T1,LC08_L1TP_020007_20231029_20231109_02_T1
LC08_L1TP_027005_20220605_20220610_02_T1,LC09_L1TP_027005_20230616_20230616_02_T2
LC08_L1GT_077120_20211225_20211230_02_T2,LC08_L1GT_077120_20230113_20230130_02_T2
LC09_L1GT_072111_20240105_20240106_02_T2,LC08_L1GT_072111_20240113_20240123_02_T2
LC08_L1TP_009004_20220319_20220329_02_T2,LC09_L1TP_009004_20230501_20230501_02_T1
LC08_L1TP_148030_20210226_20210304_02_T1,LC09_L1TP_148030_20220205_20230428_02_T1
LC09_L1TP_027005_20230413_20230413_02_T1,LC09_L1TP_027005_20230616_20230616_02_T2
LC09_L1TP_142038_20220126_20230430_02_T1,LC08_L1TP_142038_20220830_20220910_02_T1
LC08_L1TP_055017_20220625_20220802_02_T1,LC09_L1TP_055017_20230807_20230808_02_T1
LC08_L1TP_139035_20220419_20220427_02_T1,LC08_L1TP_139035_20221215_20221223_02_T1
LC08_L1GT_118108_20220923_20220929_02_T2,LC09_L1GT_118108_20230902_20230902_02_T2
LC08_L1TP_009004_20230322_20230404_02_T1,LC09_L1TP_009004_20230501_20230501_02_T1
LC09_L1GT_035117_20231115_20231117_02_T2,LC08_L1GT_035117_20240211_20240222_02_T2
LC09_L1TP_009004_20220802_20230404_02_T1,LC09_L1TP_009004_20230501_20230501_02_T1
LC08_L1TP_055239_20220609_20220616_02_T1,LC09_L1TP_055239_20220804_20230404_02_T1
LC09_L1GT_019005_20220808_20230403_02_T2,LC08_L1GT_019005_20230429_20230509_02_T2
LC09_L1TP_136033_20240207_20240207_02_T1,LC09_L1TP_136033_20240529_20240529_02_T1
LC08_L1TP_148030_20201224_20210310_02_T1,LC09_L1TP_148030_20220205_20230428_02_T1
LC09_L1TP_136033_20230916_20230916_02_T1,LC09_L1TP_136033_20240529_20240529_02_T1
LC09_L1TP_136033_20230308_20230308_02_T1,LC09_L1TP_136033_20240529_20240529_02_T1
LC09_L1TP_132037_20220309_20230425_02_T1,LC08_L1TP_132037_20221128_20221206_02_T1
LC08_L1GT_144121_20230119_20230131_02_T2,LC08_L1GT_144121_20230220_20230224_02_T2
LC09_L1TP_015001_20230324_20230325_02_T1,LC09_L1TP_015001_20230831_20230831_02_T1
LC09_L1GT_113122_20231220_20231223_02_T2,LC08_L1GT_113122_20240113_20240123_02_T2
LC09_L1TP_055017_20220601_20230414_02_T1,LC09_L1TP_055017_20230807_20230808_02_T1
LC09_L1TP_027246_20220629_20230407_02_T1,LC08_L1TP_027246_20230405_20230412_02_T1
LC09_L1GT_072111_20221217_20230317_02_T2,LC08_L1GT_072111_20240113_20240123_02_T2
LC08_L1GT_122111_20231008_20231011_02_T2,LC09_L1GT_122111_20240308_20240308_02_T2
LC08_L1TP_044024_20230122_20230207_02_T1,LC09_L1TP_044024_20230709_20230710_02_T1
LC08_L1TP_142037_20220611_20220617_02_T1,LC08_L1TP_142037_20231105_20231110_02_T1
LC09_L1TP_139035_20220918_20230328_02_T1,LC08_L1TP_139035_20221215_20221223_02_T1
LC09_L1GT_144121_20221108_20230322_02_T2,LC08_L1GT_144121_20230220_20230224_02_T2
LC08_L1TP_020007_20221026_20221107_02_T1,LC08_L1TP_020007_20231029_20231109_02_T1
LC08_L1TP_020007_20221010_20221020_02_T1,LC08_L1TP_020007_20231029_20231109_02_T1
LC09_L1TP_055017_20220820_20230401_02_T1,LC09_L1TP_055017_20230807_20230808_02_T1
LC09_L1TP_136033_20240411_20240411_02_T1,LC09_L1TP_136033_20240529_20240529_02_T1
LC09_L1TP_142037_20230606_20230606_02_T1,LC08_L1TP_142037_20231105_20231110_02_T1
LC09_L1GT_066118_20230209_20230310_02_T2,LC08_L1GT_066118_20231031_20231109_02_T2
LC08_L1GT_025004_20230626_20230710_02_T2,LC08_L1GT_025004_20240308_20240315_02_T2
LC08_L1GT_233114_20211214_20211223_02_T2,LC08_L1GT_233114_20230118_20230131_02_T2
LC09_L1TP_027005_20220426_20230418_02_T1,LC09_L1TP_027005_20230616_20230616_02_T2
LC09_L1TP_136033_20231119_20231119_02_T1,LC09_L1TP_136033_20240529_20240529_02_T1
LC09_L1GT_113122_20240105_20240105_02_T2,LC08_L1GT_113122_20240113_20240123_02_T2
LC08_L1GT_066116_20220129_20220204_02_T2,LC09_L1GT_066116_20221105_20230323_02_T2
LC08_L1GT_144121_20211231_20220105_02_T2,LC08_L1GT_144121_20230220_20230224_02_T2
LC08_L1TP_027005_20230827_20230905_02_T2,LC08_L1TP_027005_20240423_20240430_02_T2
LC08_L1TP_044024_20221221_20221228_02_T1,LC09_L1TP_044024_20230709_20230710_02_T1
LC08_L1TP_136033_20230620_20230629_02_T1,LC09_L1TP_136033_20240529_20240529_02_T1
LC08_L1TP_055239_20220508_20220519_02_T1,LC09_L1TP_055239_20220804_20230404_02_T1
LC09_L1GT_049120_20221216_20230317_02_T2,LC08_L1GT_049120_20221224_20230103_02_T2
LC08_L1TP_136033_20230316_20230321_02_T1,LC09_L1TP_136033_20240529_20240529_02_T1
LC08_L1GT_126121_20201230_20210310_02_T2,LC08_L1GT_126121_20220118_20220123_02_T2
LC09_L1TP_027005_20220715_20230407_02_T1,LC09_L1TP_027005_20230616_20230616_02_T2
LC09_L1GT_118108_20220830_20230331_02_T2,LC09_L1GT_118108_20230902_20230902_02_T2
LC09_L1TP_058247_20220521_20230415_02_T1,LC08_L1TP_058247_20220801_20220805_02_T1
LC08_L1TP_136033_20230823_20230826_02_T1,LC09_L1TP_136033_20240529_20240529_02_T1
LC08_L1GT_113122_20231228_20240108_02_T2,LC08_L1GT_113122_20240113_20240123_02_T2
LC08_L1TP_058247_20220427_20220503_02_T1,LC08_L1TP_058247_20220801_20220805_02_T1
LC09_L1GT_035117_20240203_20240203_02_T2,LC08_L1GT_035117_20240211_20240222_02_T2
LC09_L1TP_139035_20220206_20230428_02_T1,LC08_L1TP_139035_20221215_20221223_02_T1
LC08_L1TP_027005_20220317_20220321_02_T1,LC09_L1TP_027005_20230616_20230616_02_T2
LC09_L1GT_126121_20211209_20230505_02_T2,LC08_L1GT_126121_20220118_20220123_02_T2
LC09_L1GT_224120_20220108_20230502_02_T2,LC08_L1GT_224120_20230220_20230228_02_T2
LC08_L1TP_027005_20230405_20230412_02_T1,LC09_L1TP_027005_20230616_20230616_02_T2
LC08_L1TP_231010_20220813_20220824_02_T1,LC09_L1TP_231010_20230707_20230707_02_T1
LC09_L1GT_025004_20230618_20230618_02_T2,LC08_L1GT_025004_20240308_20240315_02_T2
LC08_L1TP_136033_20230706_20230717_02_T1,LC09_L1TP_136033_20240529_20240529_02_T1
LC08_L1GT_224120_20230119_20230131_02_T2,LC08_L1GT_224120_20230220_20230228_02_T2
LC09_L1TP_091239_20220630_20230409_02_T1,LC09_L1GT_091239_20230820_20230820_02_T2
LC09_L1TP_142037_20230302_20230307_02_T1,LC08_L1TP_142037_20231105_20231110_02_T1
LC08_L1TP_008013_20230331_20230411_02_T1,LC09_L1TP_008013_20231001_20231001_02_T1
LC09_L1GT_066118_20221223_20230317_02_T2,LC08_L1GT_066118_20231031_20231109_02_T2
LC09_L1TP_231010_20230418_20230418_02_T1,LC09_L1TP_231010_20230707_20230707_02_T1
LC09_L1TP_136033_20231018_20231018_02_T1,LC09_L1TP_136033_20240529_20240529_02_T1
LC08_L1TP_148030_20210805_20210811_02_T1,LC09_L1TP_148030_20220205_20230428_02_T1
LC09_L1TP_136033_20240106_20240106_02_T1,LC09_L1TP_136033_20240529_20240529_02_T1
LC08_L1TP_136033_20231213_20231215_02_T1,LC09_L1TP_136033_20240529_20240529_02_T1
LC08_L1TP_142037_20221220_20221227_02_T1,LC08_L1TP_142037_20231105_20231110_02_T1
LC09_L1GT_066116_20211204_20230505_02_T2,LC09_L1GT_066116_20221105_20230323_02_T2
LC09_L1TP_231010_20220805_20230404_02_T1,LC09_L1TP_231010_20230707_20230707_02_T1
LC09_L1GT_154004_20220607_20230410_02_T2,LC08_L1TP_154004_20220818_20220824_02_T1
LC08_L1TP_136033_20240302_20240314_02_T1,LC09_L1TP_136033_20240529_20240529_02_T1
LC09_L1GT_025004_20230704_20230704_02_T2,LC08_L1GT_025004_20240308_20240315_02_T2
LC09_L1TP_054245_20220525_20230415_02_T1,LC08_L1GT_054245_20230824_20230905_02_T2
LC08_L1GT_035117_20231123_20231129_02_T2,LC08_L1GT_035117_20240211_20240222_02_T2
LC08_L1GT_224120_20211012_20211018_02_T2,LC08_L1GT_224120_20230220_20230228_02_T2
LC09_L1TP_231010_20230317_20230317_02_T1,LC09_L1TP_231010_20230707_20230707_02_T1
LC09_L1GT_205122_20230122_20230313_02_T2,LC08_L1GT_205122_20231130_20231209_02_T2
LC08_L1GT_233114_20220320_20220329_02_T2,LC08_L1GT_233114_20230118_20230131_02_T2
LC08_L1TP_044024_20221119_20221128_02_T1,LC09_L1TP_044024_20230709_20230710_02_T1
LC09_L1TP_231010_20220922_20230328_02_T1,LC09_L1TP_231010_20230707_20230707_02_T1
LC08_L1GT_006118_20221024_20221107_02_T2,LC09_L1GT_006118_20221219_20230317_02_T2
LC09_L1TP_058247_20220419_20230421_02_T1,LC08_L1TP_058247_20220801_20220805_02_T1
LC08_L1TP_054245_20220330_20220405_02_T1,LC08_L1GT_054245_20230824_20230905_02_T2
LC09_L1TP_044024_20220401_20230423_02_T1,LC09_L1TP_044024_20230709_20230710_02_T1
LC09_L1GT_122111_20221029_20230323_02_T2,LC09_L1GT_122111_20240308_20240308_02_T2
LC09_L1TP_027246_20220816_20230402_02_T1,LC08_L1TP_027246_20230405_20230412_02_T1
LC08_L1GT_120118_20211223_20211230_02_T2,LC09_L1GT_120118_20230103_20230315_02_T2
LC09_L1TP_044024_20230420_20230420_02_T1,LC09_L1TP_044024_20230709_20230710_02_T1
LC08_L1GT_118108_20230302_20230316_02_T2,LC09_L1GT_118108_20230902_20230902_02_T2
LC09_L1TP_015001_20220609_20230413_02_T1,LC09_L1TP_015001_20230831_20230831_02_T1
LC08_L1GT_144120_20201110_20210316_02_T2,LC08_L1GT_144120_20220201_20220205_02_T2
LC08_L1TP_139035_20211025_20211103_02_T1,LC08_L1TP_139035_20221215_20221223_02_T1
LC08_L1TP_142038_20220510_20220518_02_T1,LC08_L1TP_142038_20220830_20220910_02_T1
LC09_L1TP_054245_20230410_20230518_02_T1,LC08_L1GT_054245_20230824_20230905_02_T2
LC08_L1GT_122111_20221021_20221101_02_T2,LC09_L1GT_122111_20240308_20240308_02_T2
LC09_L1GT_224120_20220225_20230426_02_T2,LC08_L1GT_224120_20230220_20230228_02_T2
LC08_L1GT_205122_20230130_20230208_02_T2,LC08_L1GT_205122_20231130_20231209_02_T2
LC09_L1GT_072111_20221115_20230322_02_T2,LC08_L1GT_072111_20240113_20240123_02_T2
LC09_L1TP_054245_20220509_20230417_02_T1,LC08_L1GT_054245_20230824_20230905_02_T2
LC08_L1GT_006118_20211005_20211013_02_T2,LC09_L1GT_006118_20221219_20230317_02_T2
LC08_L1TP_142037_20230918_20230926_02_T1,LC08_L1TP_142037_20231105_20231110_02_T1
LC09_L1GT_122111_20221114_20230322_02_T2,LC09_L1GT_122111_20240308_20240308_02_T2
LC08_L1GT_233114_20221217_20221227_02_T2,LC08_L1GT_233114_20230118_20230131_02_T2
LC08_L1TP_231010_20220525_20220602_02_T1,LC09_L1TP_231010_20230707_20230707_02_T1
LC09_L1GT_122111_20230117_20230313_02_T2,LC09_L1GT_122111_20240308_20240308_02_T2
LC09_L1TP_142038_20211225_20230503_02_T1,LC08_L1TP_142038_20220830_20220910_02_T1
LC08_L1TP_142037_20230716_20230724_02_T1,LC08_L1TP_142037_20231105_20231110_02_T1
LC08_L1TP_008013_20230619_20230629_02_T1,LC09_L1TP_008013_20231001_20231001_02_T1
LC09_L1TP_142037_20230521_20230606_02_T1,LC08_L1TP_142037_20231105_20231110_02_T1
LC08_L1GT_006118_20221008_20221013_02_T2,LC09_L1GT_006118_20221219_20230317_02_T2
LC09_L1GT_025004_20220919_20230328_02_T2,LC08_L1GT_025004_20240308_20240315_02_T2
LC09_L1GT_118108_20230121_20230313_02_T2,LC09_L1GT_118108_20230902_20230902_02_T2
LC09_L1GT_077120_20220118_20230501_02_T2,LC08_L1GT_077120_20230113_20230130_02_T2
LC09_L1GT_233114_20220920_20230328_02_T2,LC08_L1GT_233114_20230118_20230131_02_T2
LC09_L1GT_072111_20220928_20230327_02_T2,LC08_L1GT_072111_20240113_20240123_02_T2
LC09_L1TP_009004_20220428_20230418_02_T1,LC08_L1TP_009004_20220927_20221004_02_T2
LC08_L1GT_224120_20230103_20230111_02_T2,LC08_L1GT_224120_20230220_20230228_02_T2
LC08_L1TP_015001_20220703_20220707_02_T1,LC09_L1TP_015001_20230831_20230831_02_T1
LC08_L1GT_066116_20221028_20221108_02_T2,LC09_L1GT_066116_20221105_20230323_02_T2
LC09_L1TP_008013_20230424_20230424_02_T1,LC09_L1TP_008013_20231001_20231001_02_T1
LC09_L1GT_072111_20231001_20231001_02_T2,LC08_L1GT_072111_20240113_20240123_02_T2
LC08_L1GT_124113_20220917_20220922_02_T2,LC09_L1GT_124113_20221214_20230318_02_T2
LC08_L1TP_064017_20240410_20240419_02_T1,LC09_L1TP_064017_20240418_20240418_02_T1
LC08_L1TP_054245_20220415_20220420_02_T1,LC08_L1GT_054245_20230824_20230905_02_T2
LC08_L1GT_139114_20231202_20231209_02_T2,LC09_L1GT_139114_20231210_20231210_02_T2
LC08_L1TP_054245_20230418_20230429_02_T1,LC08_L1GT_054245_20230824_20230905_02_T2
LC09_L1GT_008010_20220608_20230413_02_T2,LC08_L1GT_008010_20220904_20220914_02_T2
LC09_L1GT_224120_20230127_20230312_02_T2,LC08_L1GT_224120_20230220_20230228_02_T2
LC08_L1TP_142037_20230630_20230711_02_T1,LC08_L1TP_142037_20231105_20231110_02_T1
LC08_L1TP_027005_20220504_20220511_02_T1,LC09_L1TP_027005_20230616_20230616_02_T2
LC09_L1GT_006118_20221117_20230322_02_T2,LC09_L1GT_006118_20221219_20230317_02_T2
LC08_L1GT_019005_20220512_20220519_02_T2,LC08_L1GT_019005_20230429_20230509_02_T2
LC09_L1TP_008013_20230323_20230323_02_T1,LC09_L1TP_008013_20231001_20231001_02_T1
LC08_L1TP_136033_20240521_20240605_02_T1,LC09_L1TP_136033_20240529_20240529_02_T1
LC08_L1GT_077120_20221212_20221219_02_T2,LC08_L1GT_077120_20230113_20230130_02_T2
LC09_L1TP_142037_20230505_20230505_02_T1,LC08_L1TP_142037_20231105_20231110_02_T1
LC08_L1GT_118108_20230113_20230125_02_T2,LC09_L1GT_118108_20230902_20230902_02_T2
LC09_L1TP_142038_20220518_20230416_02_T1,LC08_L1TP_142038_20220830_20220910_02_T1
LC09_L1TP_054245_20230512_20230513_02_T1,LC08_L1GT_054245_20230824_20230905_02_T2
LC08_L1TP_136033_20230519_20230524_02_T1,LC09_L1TP_136033_20240529_20240529_02_T1
LC09_L1GT_144120_20211223_20230503_02_T2,LC08_L1GT_144120_20220201_20220205_02_T2
LC09_L1TP_015001_20220321_20230424_02_T1,LC09_L1TP_015001_20230831_20230831_02_T1
LC08_L1GT_198117_20220211_20220222_02_T2,LC09_L1GT_198117_20220219_20230427_02_T2
LC08_L1TP_142037_20221102_20221114_02_T1,LC08_L1TP_142037_20231105_20231110_02_T1
LC09_L1GT_025004_20230602_20230602_02_T2,LC08_L1GT_025004_20240308_20240315_02_T2
LC08_L1TP_139035_20220521_20220525_02_T1,LC08_L1TP_139035_20221215_20221223_02_T1
LC08_L1GT_224120_20211028_20211109_02_T2,LC08_L1GT_224120_20230220_20230228_02_T2
LC08_L1TP_044024_20220730_20220805_02_T1,LC09_L1TP_044024_20230709_20230710_02_T1
LC08_L1GT_025004_20230813_20230819_02_T2,LC08_L1GT_025004_20240308_20240315_02_T2
LC08_L1TP_136033_20231026_20231101_02_T1,LC09_L1TP_136033_20240529_20240529_02_T1
LC08_L1TP_027246_20220418_20220427_02_T1,LC08_L1TP_027246_20230405_20230412_02_T1
LC08_L1GT_072111_20231212_20231215_02_T2,LC08_L1GT_072111_20240113_20240123_02_T2
LC09_L1GT_025004_20230720_20230720_02_T2,LC08_L1GT_025004_20240308_20240315_02_T2
LC08_L1TP_148030_20210922_20210930_02_T1,LC09_L1TP_148030_20220205_20230428_02_T1
LC08_L1GT_025004_20230525_20230603_02_T2,LC08_L1GT_025004_20240308_20240315_02_T2
LC08_L1GT_144120_20210302_20210311_02_T2,LC08_L1GT_144120_20220201_20220205_02_T2
LC08_L1GT_035117_20231022_20231031_02_T2,LC08_L1GT_035117_20240211_20240222_02_T2
LC09_L1GT_118108_20220408_20230422_02_T2,LC09_L1GT_118108_20230902_20230902_02_T2
LC09_L1TP_020007_20220628_20230409_02_T1,LC08_L1TP_020007_20231029_20231109_02_T1
LC09_L1GT_019005_20230304_20230307_02_T2,LC08_L1GT_019005_20230429_20230509_02_T2
LC09_L1TP_044024_20220722_20230406_02_T1,LC09_L1TP_044024_20230709_20230710_02_T1
LC08_L1TP_020007_20220604_20220610_02_T1,LC08_L1TP_020007_20231029_20231109_02_T1
LC08_L1GT_233114_20211128_20211208_02_T2,LC08_L1GT_233114_20230118_20230131_02_T2
LC09_L1TP_136033_20230425_20230425_02_T1,LC09_L1TP_136033_20240529_20240529_02_T1
LC08_L1GT_020007_20220924_20221004_02_T2,LC08_L1TP_020007_20231029_20231109_02_T1
LC09_L1GT_066118_20230124_20230313_02_T2,LC08_L1GT_066118_20231031_20231109_02_T2
LC08_L1GT_175109_20211224_20211230_02_T2,LC09_L1GT_175109_20221117_20230321_02_T2
LC09_L1GT_118107_20231105_20231105_02_T2,LC08_L1GT_118107_20231129_20231208_02_T2
LC08_L1TP_015001_20230722_20230803_02_T1,LC09_L1TP_015001_20230831_20230831_02_T1
LC08_L1TP_027005_20230507_20230517_02_T1,LC09_L1TP_027005_20230616_20230616_02_T2
LC09_L1GT_035117_20230216_20230310_02_T2,LC08_L1GT_035117_20240211_20240222_02_T2
LC08_L1GT_198117_20211123_20211201_02_T2,LC09_L1GT_198117_20220219_20230427_02_T2
LC08_L1TP_148030_20211008_20211018_02_T1,LC09_L1TP_148030_20220205_20230428_02_T1
LC08_L1GT_120118_20221226_20230113_02_T2,LC09_L1GT_120118_20230103_20230315_02_T2
LC09_L1GT_066118_20221105_20230323_02_T2,LC08_L1GT_066118_20231031_20231109_02_T2
LC09_L1TP_015001_20230714_20230714_02_T1,LC09_L1TP_015001_20230831_20230831_02_T1
LC09_L1TP_027246_20220528_20230415_02_T1,LC08_L1TP_027246_20230405_20230412_02_T1
LC08_L1TP_139035_20220505_20220511_02_T1,LC08_L1TP_139035_20221215_20221223_02_T1
LC09_L1GT_035117_20230928_20230928_02_T2,LC08_L1GT_035117_20240211_20240222_02_T2
LC09_L1GT_080112_20220107_20230502_02_T2,LC08_L1GT_080112_20230102_20230111_02_T2
LC09_L1TP_015001_20220812_20230402_02_T1,LC09_L1TP_015001_20230831_20230831_02_T1
LC09_L1GT_118108_20230310_20230310_02_T2,LC09_L1GT_118108_20230902_20230902_02_T2
LC08_L1GT_198117_20211107_20211117_02_T2,LC09_L1GT_198117_20220219_20230427_02_T2
LC08_L1GT_126121_20210131_20210302_02_T2,LC08_L1GT_126121_20220118_20220123_02_T2
LC08_L1TP_142037_20230121_20230131_02_T1,LC08_L1TP_142037_20231105_20231110_02_T1
LC09_L1TP_054245_20220423_20230419_02_T1,LC08_L1GT_054245_20230824_20230905_02_T2
LC09_L1GT_144121_20221210_20230318_02_T2,LC08_L1GT_144121_20230220_20230224_02_T2
LC09_L1GT_135112_20211208_20230505_02_T2,LC08_L1GT_135112_20230120_20230131_02_T2
LC08_L1GT_113122_20230110_20230124_02_T2,LC08_L1GT_113122_20240113_20240123_02_T2
LC09_L1GT_066118_20230108_20230314_02_T2,LC08_L1GT_066118_20231031_20231109_02_T2
LC08_L1GT_025004_20220927_20221004_02_T2,LC08_L1GT_025004_20240308_20240315_02_T2
LC09_L1TP_044024_20221111_20230322_02_T1,LC09_L1TP_044024_20230709_20230710_02_T1
LC08_L1GT_072111_20231009_20231017_02_T2,LC08_L1GT_072111_20240113_20240123_02_T2
LC08_L1GT_009004_20230306_20230316_02_T2,LC09_L1TP_009004_20230501_20230501_02_T1
LC08_L1GT_118108_20230129_20230227_02_T2,LC09_L1GT_118108_20230902_20230902_02_T2
LC09_L1TP_139035_20211117_20230506_02_T1,LC08_L1TP_139035_20221215_20221223_02_T1
LC08_L1GT_113122_20231212_20231215_02_T2,LC08_L1GT_113122_20240113_20240123_02_T2
LC08_L1TP_055017_20220217_20220302_02_T1,LC09_L1TP_055017_20230807_20230808_02_T1
LC09_L1TP_055239_20220516_20230416_02_T2,LC09_L1TP_055239_20220804_20230404_02_T1
LC09_L1GT_113122_20230118_20230310_02_T2,LC08_L1GT_113122_20240113_20240123_02_T2
LC08_L1TP_142037_20220729_20220806_02_T1,LC08_L1TP_142037_20231105_20231110_02_T1
LC09_L1TP_008013_20221030_20230323_02_T1,LC09_L1TP_008013_20231001_20231001_02_T1
LC08_L1TP_055017_20230308_20230320_02_T1,LC09_L1TP_055017_20230807_20230808_02_T1
LC09_L1TP_020007_20220714_20230407_02_T1,LC08_L1TP_020007_20231029_20231109_02_T1
LC09_L1GT_224120_20221007_20230326_02_T2,LC08_L1GT_224120_20230220_20230228_02_T2
LC08_L1TP_091239_20220505_20220512_02_T2,LC09_L1GT_091239_20230820_20230820_02_T2
LC09_L1GT_025004_20230314_20230314_02_T2,LC08_L1GT_025004_20240308_20240315_02_T2
LC08_L1TP_020007_20230404_20230412_02_T1,LC08_L1TP_020007_20231029_20231109_02_T1
LC09_L1GT_142037_20221009_20230326_02_T2,LC08_L1TP_142037_20231105_20231110_02_T1
LC09_L1TP_020007_20230514_20230514_02_T1,LC08_L1TP_020007_20231029_20231109_02_T1
LC09_L1TP_142037_20221212_20230318_02_T1,LC08_L1TP_142037_20231105_20231110_02_T1
LC08_L1GT_175109_20220922_20220929_02_T2,LC09_L1GT_175109_20221117_20230321_02_T2
LC08_L1TP_027005_20221011_20221020_02_T1,LC09_L1TP_027005_20230616_20230616_02_T2
LC08_L1TP_231010_20230528_20230606_02_T1,LC09_L1TP_231010_20230707_20230707_02_T1
LC08_L1TP_020007_20220807_20220817_02_T1,LC08_L1TP_020007_20231029_20231109_02_T1
LC09_L1TP_020007_20220612_20230413_02_T1,LC08_L1TP_020007_20231029_20231109_02_T1
LC08_L1GT_198117_20201019_20201104_02_T2,LC09_L1GT_198117_20220219_20230427_02_T2
LC08_L1GT_198117_20210208_20210302_02_T2,LC09_L1GT_198117_20220219_20230427_02_T2
LC08_L1GT_122112_20210220_20210303_02_T2,LC09_L1GT_122112_20220215_20230427_02_T2
LC09_L1GT_025004_20231008_20231008_02_T2,LC08_L1GT_025004_20240308_20240315_02_T2
LC09_L1GT_049120_20211107_20230506_02_T2,LC08_L1GT_049120_20221224_20230103_02_T2
LC09_L1TP_008013_20230713_20230713_02_T1,LC09_L1TP_008013_20231001_20231001_02_T1
LC09_L1GT_066118_20221207_20230318_02_T2,LC08_L1GT_066118_20231031_20231109_02_T2
LC09_L1GT_122111_20231219_20231219_02_T2,LC09_L1GT_122111_20240308_20240308_02_T2
LC08_L1GT_224112_20230409_20230420_02_T2,LC08_L1GT_224112_20240326_20240409_02_T2
LC08_L1TP_015001_20230417_20230428_02_T1,LC09_L1TP_015001_20230831_20230831_02_T1
LC09_L1TP_136033_20230103_20230315_02_T1,LC09_L1TP_136033_20240529_20240529_02_T1
LC09_L1TP_139035_20221020_20230325_02_T1,LC08_L1TP_139035_20221215_20221223_02_T1
LC09_L1TP_136033_20230730_20230730_02_T1,LC09_L1TP_136033_20240529_20240529_02_T1
LC08_L1TP_231010_20221016_20221021_02_T2,LC09_L1TP_231010_20230707_20230707_02_T1
LC08_L1GT_122111_20221224_20230103_02_T2,LC09_L1GT_122111_20240308_20240308_02_T2
LC09_L1TP_054245_20220813_20230402_02_T1,LC08_L1GT_054245_20230824_20230905_02_T2
LC08_L1TP_044024_20220324_20220330_02_T1,LC09_L1TP_044024_20230709_20230710_02_T1
LC08_L1TP_139035_20220129_20220204_02_T1,LC08_L1TP_139035_20221215_20221223_02_T1
LC09_L1GT_122111_20230218_20230309_02_T2,LC09_L1GT_122111_20240308_20240308_02_T2
LC08_L1GT_124113_20221120_20221129_02_T2,LC09_L1GT_124113_20221214_20230318_02_T2
LC08_L1TP_148030_20211211_20211216_02_T1,LC09_L1TP_148030_20220205_20230428_02_T1
LC09_L1TP_132037_20221019_20230323_02_T1,LC08_L1TP_132037_20221128_20221206_02_T1
LC09_L1TP_139035_20220817_20230402_02_T1,LC08_L1TP_139035_20221215_20221223_02_T1
LC09_L1TP_015001_20230612_20230612_02_T1,LC09_L1TP_015001_20230831_20230831_02_T1
LC08_L1GT_025004_20230914_20230919_02_T2,LC08_L1GT_025004_20240308_20240315_02_T2
LC09_L1GT_066116_20220206_20230428_02_T2,LC09_L1GT_066116_20221105_20230323_02_T2
LC09_L1TP_027246_20220426_20230418_02_T1,LC08_L1TP_027246_20230405_20230412_02_T1
LC08_L1GT_091239_20220419_20220427_02_T2,LC09_L1GT_091239_20230820_20230820_02_T2
LC08_L1GT_006118_20220109_20220114_02_T2,LC09_L1GT_006118_20221219_20230317_02_T2
LC09_L1TP_142037_20230708_20230708_02_T1,LC08_L1TP_142037_20231105_20231110_02_T1
LC08_L1GT_124113_20221104_20221114_02_T2,LC09_L1GT_124113_20221214_20230318_02_T2
LC08_L1TP_008013_20230416_20230428_02_T1,LC09_L1TP_008013_20231001_20231001_02_T1
LC09_L1TP_044024_20230607_20230608_02_T1,LC09_L1TP_044024_20230709_20230710_02_T1
LC08_L1TP_055239_20210724_20210803_02_T1,LC09_L1TP_055239_20220804_20230404_02_T1
LC09_L1GT_113122_20221217_20230316_02_T2,LC08_L1GT_113122_20240113_20240123_02_T2
LC08_L1TP_136033_20230807_20230812_02_T1,LC09_L1TP_136033_20240529_20240529_02_T1
LC09_L1TP_027005_20220629_20230409_02_T1,LC09_L1TP_027005_20230616_20230616_02_T2
LC08_L1GT_122111_20230922_20230926_02_T2,LC09_L1GT_122111_20240308_20240308_02_T2
LC08_L1TP_139035_20221113_20221122_02_T1,LC08_L1TP_139035_20221215_20221223_02_T1
LC09_L1TP_136033_20230204_20230311_02_T1,LC09_L1TP_136033_20240529_20240529_02_T1
LC09_L1TP_020007_20230412_20230412_02_T1,LC08_L1TP_020007_20231029_20231109_02_T1
LC09_L1GT_205122_20221221_20230317_02_T2,LC08_L1GT_205122_20231130_20231209_02_T2
LC09_L1GT_049120_20211213_20230504_02_T2,LC08_L1GT_049120_20221224_20230103_02_T2
LC09_L1TP_009004_20220615_20230412_02_T1,LC08_L1TP_009004_20220927_20221004_02_T2
LC08_L1GT_006118_20220210_20220222_02_T2,LC09_L1GT_006118_20221219_20230317_02_T2
LC09_L1TP_136033_20230714_20230714_02_T1,LC09_L1TP_136033_20240529_20240529_02_T1
LC09_L1GT_124113_20221128_20230320_02_T2,LC09_L1GT_124113_20221214_20230318_02_T2
LC09_L1GT_072111_20230102_20230315_02_T2,LC08_L1GT_072111_20240113_20240123_02_T2
LC09_L1GT_122111_20220927_20230327_02_T2,LC09_L1GT_122111_20240308_20240308_02_T2
LC08_L1TP_009004_20220506_20220512_02_T2,LC09_L1TP_009004_20230501_20230501_02_T1
LC09_L1TP_139035_20220121_20230430_02_T1,LC08_L1TP_139035_20221215_20221223_02_T1
LC08_L1TP_020007_20230623_20230630_02_T1,LC08_L1TP_020007_20231029_20231109_02_T1
LC08_L1GT_019005_20220629_20220707_02_T2,LC08_L1GT_019005_20230429_20230509_02_T2
LC08_L1TP_044024_20221018_20221031_02_T1,LC09_L1TP_044024_20230709_20230710_02_T1
LC09_L1TP_027005_20220410_20230422_02_T1,LC09_L1TP_027005_20230616_20230616_02_T2
LC09_L1GT_224120_20220209_20230428_02_T2,LC08_L1GT_224120_20230220_20230228_02_T2
LC08_L1TP_231010_20220407_20220412_02_T2,LC09_L1TP_231010_20230707_20230707_02_T1
LC09_L1TP_154004_20220725_20230406_02_T1,LC08_L1TP_154004_20220818_20220824_02_T1
LO09_L1GT_233114_20220312_20230425_02_T2,LC08_L1GT_233114_20230118_20230131_02_T2
LC09_L1TP_009004_20230314_20230314_02_T2,LC09_L1TP_009004_20230501_20230501_02_T1
LC08_L1GT_072111_20230110_20230124_02_T2,LC08_L1GT_072111_20240113_20240123_02_T2
LC09_L1TP_015001_20230511_20230511_02_T1,LC09_L1TP_015001_20230831_20230831_02_T1
LC08_L1TP_054245_20230605_20230613_02_T1,LC08_L1GT_054245_20230824_20230905_02_T2
LC08_L1GT_019005_20221003_20221012_02_T2,LC08_L1GT_019005_20230429_20230509_02_T2
LC09_L1TP_044024_20230319_20230319_02_T1,LC09_L1TP_044024_20230709_20230710_02_T1
LC08_L1TP_136033_20231111_20231117_02_T1,LC09_L1TP_136033_20240529_20240529_02_T1
LC08_L1GT_019005_20220917_20220928_02_T2,LC08_L1GT_019005_20230429_20230509_02_T2
LC08_L1GT_205122_20221213_20221223_02_T2,LC08_L1GT_205122_20231130_20231209_02_T2
LC08_L1GT_124113_20221019_20221031_02_T2,LC09_L1GT_124113_20221214_20230318_02_T2
LC09_L1GT_072111_20230118_20230313_02_T2,LC08_L1GT_072111_20240113_20240123_02_T2
LC09_L1TP_015001_20220711_20230407_02_T1,LC09_L1TP_015001_20230831_20230831_02_T1
LC08_L1GT_049120_20221208_20221213_02_T2,LC08_L1GT_049120_20221224_20230103_02_T2
LC08_L1TP_139035_20211228_20220105_02_T1,LC08_L1TP_139035_20221215_20221223_02_T1
LC08_L1GT_122112_20220207_20220212_02_T2,LC09_L1GT_122112_20220215_20230427_02_T2
LC09_L1TP_027246_20220917_20230328_02_T2,LC08_L1TP_027246_20230405_20230412_02_T1
LC08_L1GT_122111_20240128_20240207_02_T2,LC09_L1GT_122111_20240308_20240308_02_T2
LC09_L1TP_020007_20231021_20231021_02_T1,LC08_L1TP_020007_20231029_20231109_02_T1
LC09_L1GT_122112_20220130_20230429_02_T2,LC09_L1GT_122112_20220215_20230427_02_T2
LC09_L1TP_142038_20220211_20230428_02_T1,LC08_L1TP_142038_20220830_20220910_02_T1
LC08_L1TP_136033_20231229_20240108_02_T1,LC09_L1TP_136033_20240529_20240529_02_T1
LC08_L1TP_091239_20220708_20220721_02_T1,LC09_L1GT_091239_20230820_20230820_02_T2
LC09_L1GT_122111_20231117_20231117_02_T2,LC09_L1GT_122111_20240308_20240308_02_T2
LC09_L1GT_055017_20230111_20230314_02_T2,LC09_L1TP_055017_20230807_20230808_02_T1
LC08_L1TP_055017_20221202_20221212_02_T1,LC09_L1TP_055017_20230807_20230808_02_T1
LC08_L1GT_118108_20220315_20220322_02_T2,LC09_L1GT_118108_20230902_20230902_02_T2
LC08_L1GT_122111_20221106_20221115_02_T2,LC09_L1GT_122111_20240308_20240308_02_T2
LC08_L1GT_020007_20230911_20230918_02_T2,LC08_L1TP_020007_20231029_20231109_02_T1
LC08_L1TP_231010_20230613_20230622_02_T1,LC09_L1TP_231010_20230707_20230707_02_T1
LC09_L1GT_122111_20221013_20230326_02_T2,LC09_L1GT_122111_20240308_20240308_02_T2
LC08_L1TP_027246_20220707_20220721_02_T1,LC08_L1TP_027246_20230405_20230412_02_T1
LC09_L1TP_139035_20220326_20230423_02_T1,LC08_L1TP_139035_20221215_20221223_02_T1
LC08_L1GT_181131_20221221_20221228_02_T2,LC09_L1GT_181131_20230114_20230314_02_T2
LC09_L1GT_129122_20230118_20230313_02_T2,LC09_L1GT_129122_20231204_20231204_02_T2
LC08_L1GT_122112_20201031_20201106_02_T2,LC09_L1GT_122112_20220215_20230427_02_T2
LC08_L1TP_148030_20210517_20210525_02_T1,LC09_L1TP_148030_20220205_20230428_02_T1
LC09_L1GT_122112_20220114_20230501_02_T2,LC09_L1GT_122112_20220215_20230427_02_T2
LC08_L1GT_144121_20211012_20211018_02_T2,LC08_L1GT_144121_20230220_20230224_02_T2
LC08_L1TP_091239_20220825_20220923_02_T2,LC09_L1GT_091239_20230820_20230820_02_T2
LC09_L1TP_139035_20220411_20230422_02_T1,LC08_L1TP_139035_20221215_20221223_02_T1
LC09_L1GT_077120_20230105_20230314_02_T2,LC08_L1GT_077120_20230113_20230130_02_T2
LC09_L1GT_144121_20221124_20230320_02_T2,LC08_L1GT_144121_20230220_20230224_02_T2
LC08_L1TP_027246_20220504_20220511_02_T1,LC08_L1TP_027246_20230405_20230412_02_T1
LC09_L1TP_055017_20230127_20230313_02_T2,LC09_L1TP_055017_20230807_20230808_02_T1
LC08_L1TP_015001_20230604_20230613_02_T1,LC09_L1TP_015001_20230831_20230831_02_T1
LC09_L1GT_072111_20230203_20230311_02_T2,LC08_L1GT_072111_20240113_20240123_02_T2
LC09_L1TP_020007_20220815_20230402_02_T1,LC08_L1TP_020007_20231029_20231109_02_T1
LC09_L1TP_009004_20220919_20230328_02_T2,LC09_L1TP_009004_20230501_20230501_02_T1
LC08_L1GT_019005_20230413_20230421_02_T2,LC08_L1GT_019005_20230429_20230509_02_T2
LC09_L1GT_231010_20220602_20230414_02_T2,LC09_L1TP_231010_20230707_20230707_02_T1
LC09_L1GT_175109_20220914_20230329_02_T2,LC09_L1GT_175109_20221117_20230321_02_T2
LC09_L1TP_148030_20211219_20230504_02_T1,LC09_L1TP_148030_20220205_20230428_02_T1
LC08_L1GT_113122_20221209_20221219_02_T2,LC08_L1GT_113122_20240113_20240123_02_T2
LC09_L1GT_124113_20211211_20230505_02_T2,LC09_L1GT_124113_20221214_20230318_02_T2
LC09_L1GT_019005_20220707_20230408_02_T2,LC08_L1GT_019005_20230429_20230509_02_T2
LC09_L1GT_091239_20230430_20230430_02_T2,LC09_L1GT_091239_20230820_20230820_02_T2
LC09_L1GT_066116_20221020_20230325_02_T2,LC09_L1GT_066116_20221105_20230323_02_T2
LC08_L1TP_020007_20230607_20230614_02_T1,LC08_L1TP_020007_20231029_20231109_02_T1
LC08_L1TP_148030_20211109_20211117_02_T1,LC09_L1TP_148030_20220205_20230428_02_T1
LC09_L1GT_072111_20230323_20230323_02_T2,LC08_L1GT_072111_20240113_20240123_02_T2
LC08_L1GT_221003_20230826_20230905_02_T2,LC08_L1TP_221003_20240321_20240403_02_T1
LC09_L1TP_054245_20230629_20230630_02_T1,LC08_L1GT_054245_20230824_20230905_02_T2
LC08_L1TP_015001_20230519_20230524_02_T1,LC09_L1TP_015001_20230831_20230831_02_T1
LC08_L1GT_135112_20220202_20220211_02_T2,LC08_L1GT_135112_20230120_20230131_02_T2
LC09_L1GT_210118_20221106_20230323_02_T2,LC08_L1GT_210118_20221114_20221122_02_T2
LC08_L1GT_072111_20231228_20240108_02_T2,LC08_L1GT_072111_20240113_20240123_02_T2
LC08_L1GT_122112_20201116_20210315_02_T2,LC09_L1GT_122112_20220215_20230427_02_T2
LC08_L1TP_008013_20230211_20230217_02_T2,LC09_L1TP_008013_20231001_20231001_02_T1
LC09_L1TP_231010_20220517_20230416_02_T1,LC09_L1TP_231010_20230707_20230707_02_T1
LC09_L1GT_025004_20230517_20230517_02_T2,LC08_L1GT_025004_20240308_20240315_02_T2
LC09_L1TP_136033_20240310_20240310_02_T1,LC09_L1TP_136033_20240529_20240529_02_T1
LC08_L1GT_120118_20221210_20221219_02_T2,LC09_L1GT_120118_20230103_20230315_02_T2
LC08_L1GT_224112_20230204_20230209_02_T2,LC08_L1GT_224112_20240326_20240409_02_T2
LC09_L1GT_224112_20221124_20230320_02_T2,LC08_L1GT_224112_20240326_20240409_02_T2
LC09_L1GT_122111_20230202_20230311_02_T2,LC09_L1GT_122111_20240308_20240308_02_T2
LC09_L1TP_132037_20220512_20230416_02_T1,LC08_L1TP_132037_20221128_20221206_02_T1
LC08_L1TP_055239_20210809_20210818_02_T1,LC09_L1TP_055239_20220804_20230404_02_T1
LC09_L1GT_080112_20221225_20230317_02_T2,LC08_L1GT_080112_20230102_20230111_02_T2
LC08_L1TP_132037_20220213_20220222_02_T1,LC08_L1TP_132037_20221128_20221206_02_T1
LC09_L1GT_124113_20221011_20230326_02_T2,LC09_L1GT_124113_20221214_20230318_02_T2
LC09_L1GT_008010_20220827_20230331_02_T2,LC08_L1GT_008010_20220904_20220914_02_T2
LC08_L1GT_122111_20231024_20231031_02_T2,LC09_L1GT_122111_20240308_20240308_02_T2
LC08_L1GT_122111_20240213_20240222_02_T2,LC09_L1GT_122111_20240308_20240308_02_T2
LC09_L1TP_139035_20220529_20230414_02_T1,LC08_L1TP_139035_20221215_20221223_02_T1
LC09_L1GT_139114_20230108_20230314_02_T2,LC09_L1GT_139114_20231210_20231210_02_T2
LC08_L1TP_009004_20220420_20220428_02_T2,LC09_L1TP_009004_20230501_20230501_02_T1
LC08_L1GT_122111_20231211_20231214_02_T2,LC09_L1GT_122111_20240308_20240308_02_T2
LC08_L1TP_055017_20220812_20220824_02_T1,LC09_L1TP_055017_20230807_20230808_02_T1
LC09_L1GT_006118_20221101_20230323_02_T2,LC09_L1GT_006118_20221219_20230317_02_T2
LC08_L1TP_044024_20230530_20230607_02_T1,LC09_L1TP_044024_20230709_20230710_02_T1
LC09_L1TP_142038_20220331_20230423_02_T1,LC08_L1TP_142038_20220830_20220910_02_T1
LC08_L1TP_142037_20231020_20231103_02_T1,LC08_L1TP_142037_20231105_20231110_02_T1
LC08_L1TP_142037_20220814_20220824_02_T1,LC08_L1TP_142037_20231105_20231110_02_T1
LC08_L1GT_118107_20230113_20230125_02_T2,LC08_L1GT_118107_20231129_20231208_02_T2
LC09_L1GT_049120_20220215_20230427_02_T2,LC08_L1GT_049120_20221224_20230103_02_T2
LC09_L1GT_224120_20230212_20230310_02_T2,LC08_L1GT_224120_20230220_20230228_02_T2
LC08_L1GT_091239_20230508_20230517_02_T2,LC09_L1GT_091239_20230820_20230820_02_T2
LC09_L1TP_055017_20221108_20230322_02_T1,LC09_L1TP_055017_20230807_20230808_02_T1
LC08_L1GT_122111_20230226_20230301_02_T2,LC09_L1GT_122111_20240308_20240308_02_T2
LC08_L1TP_054245_20220602_20220609_02_T2,LC08_L1GT_054245_20230824_20230905_02_T2
LC09_L1TP_027005_20220613_20230412_02_T1,LC09_L1TP_027005_20230616_20230616_02_T2
LC09_L1TP_009004_20220615_20230412_02_T1,LC09_L1TP_009004_20230501_20230501_02_T1
LC09_L1TP_020007_20220527_20230415_02_T1,LC08_L1TP_020007_20231029_20231109_02_T1
LC08_L1TP_027005_20220707_20220721_02_T1,LC09_L1TP_027005_20230616_20230616_02_T2
LC09_L1TP_055017_20220430_20230418_02_T1,LC09_L1TP_055017_20230807_20230808_02_T1
LC08_L1GT_122111_20240229_20240313_02_T2,LC09_L1GT_122111_20240308_20240308_02_T2
LC09_L1TP_154004_20220420_20230419_02_T2,LC08_L1TP_154004_20220818_20220824_02_T1
LC08_L1TP_055017_20220305_20220314_02_T1,LC09_L1TP_055017_20230807_20230808_02_T1
LC09_L1GT_113122_20231204_20231204_02_T2,LC08_L1GT_113122_20240113_20240123_02_T2
LC09_L1GT_006118_20220117_20230501_02_T2,LC09_L1GT_006118_20221219_20230317_02_T2
LC09_L1TP_055017_20220703_20230408_02_T1,LC09_L1TP_055017_20230807_20230808_02_T1
LC09_L1GT_008010_20220710_20230407_02_T2,LC08_L1GT_008010_20220904_20220914_02_T2
LC08_L1GT_135112_20211130_20211209_02_T2,LC08_L1GT_135112_20230120_20230131_02_T2
LC08_L1GT_066118_20221215_20221227_02_T2,LC08_L1GT_066118_20231031_20231109_02_T2
LC08_L1TP_142037_20220627_20220706_02_T1,LC08_L1TP_142037_20231105_20231110_02_T1
LC09_L1GT_066116_20211220_20230504_02_T2,LC09_L1GT_066116_20221105_20230323_02_T2
LC09_L1GT_224112_20230316_20230316_02_T2,LC08_L1GT_224112_20240326_20240409_02_T2
LC08_L1TP_044024_20230327_20230405_02_T1,LC09_L1TP_044024_20230709_20230710_02_T1
LC09_L1TP_136033_20231205_20231205_02_T1,LC09_L1TP_136033_20240529_20240529_02_T1
LC09_L1TP_231010_20220906_20230330_02_T1,LC09_L1TP_231010_20230707_20230707_02_T1
LC09_L1GT_144120_20220124_20230430_02_T2,LC08_L1GT_144120_20220201_20220205_02_T2
LC09_L1TP_231010_20220330_20230423_02_T1,LC09_L1TP_231010_20230707_20230707_02_T1
LC08_L1TP_091239_20220809_20220818_02_T1,LC09_L1GT_091239_20230820_20230820_02_T2
LC08_L1GT_066118_20230217_20230223_02_T2,LC08_L1GT_066118_20231031_20231109_02_T2
LC09_L1GT_077120_20211217_20230504_02_T2,LC08_L1GT_077120_20230113_20230130_02_T2
LC09_L1TP_027246_20220613_20230407_02_T1,LC08_L1TP_027246_20230405_20230412_02_T1
LC09_L1TP_142037_20220603_20230414_02_T1,LC08_L1TP_142037_20231105_20231110_02_T1
LC09_L1GT_006118_20220101_20230503_02_T2,LC09_L1GT_006118_20221219_20230317_02_T2
LC09_L1TP_139035_20211220_20230505_02_T1,LC08_L1TP_139035_20221215_20221223_02_T1
LC09_L1GT_118107_20221204_20230318_02_T2,LC08_L1GT_118107_20231129_20231208_02_T2
LC09_L1TP_027246_20220512_20230417_02_T1,LC08_L1TP_027246_20230405_20230412_02_T1
LC09_L1TP_132037_20220104_20230502_02_T1,LC08_L1TP_132037_20221128_20221206_02_T1
LC08_L1GT_019005_20220715_20220725_02_T2,LC08_L1GT_019005_20230429_20230509_02_T2
LC09_L1TP_027005_20230515_20230515_02_T1,LC09_L1TP_027005_20230616_20230616_02_T2
LC08_L1TP_148030_20210109_20210307_02_T1,LC09_L1TP_148030_20220205_20230428_02_T1
LC08_L1GT_144121_20220116_20220123_02_T2,LC08_L1GT_144121_20230220_20230224_02_T2
LC08_L1TP_044024_20220815_20220823_02_T1,LC09_L1TP_044024_20230709_20230710_02_T1
LC08_L1GT_135112_20221203_20221212_02_T2,LC08_L1GT_135112_20230120_20230131_02_T2
LC09_L1TP_091239_20230601_20230601_02_T2,LC09_L1GT_091239_20230820_20230820_02_T2
LC09_L1TP_132037_20220715_20230407_02_T1,LC08_L1TP_132037_20221128_20221206_02_T1
LC08_L1TP_027246_20220402_20220412_02_T1,LC08_L1TP_027246_20230405_20230412_02_T1
LC09_L1TP_008013_20230510_20230510_02_T1,LC09_L1TP_008013_20231001_20231001_02_T1
LC08_L1TP_027246_20220520_20220525_02_T1,LC08_L1TP_027246_20230405_20230412_02_T1
LC09_L1GT_066118_20221121_20230321_02_T2,LC08_L1GT_066118_20231031_20231109_02_T2
LO08_L1TP_008013_20220515_20220628_02_T1,LC09_L1TP_008013_20231001_20231001_02_T1
LC09_L1GT_198117_20211217_20230504_02_T2,LC09_L1GT_198117_20220219_20230427_02_T2
LC09_L1TP_009004_20220903_20230331_02_T1,LC09_L1TP_009004_20230501_20230501_02_T1
LC09_L1TP_136033_20231103_20231103_02_T1,LC09_L1TP_136033_20240529_20240529_02_T1
LC08_L1GT_175109_20220210_20220222_02_T2,LC09_L1GT_175109_20221117_20230321_02_T2
LC08_L1TP_142037_20230411_20230421_02_T1,LC08_L1TP_142037_20231105_20231110_02_T1
LC08_L1GT_233114_20220216_20220223_02_T2,LC08_L1GT_233114_20230118_20230131_02_T2
LC08_L1GT_122111_20231125_20231129_02_T2,LC09_L1GT_122111_20240308_20240308_02_T2
LC09_L1TP_044024_20220924_20230328_02_T1,LC09_L1TP_044024_20230709_20230710_02_T1
LC09_L1GT_122111_20231203_20231203_02_T2,LC09_L1GT_122111_20240308_20240308_02_T2
LC08_L1TP_148030_20201021_20201106_02_T1,LC09_L1TP_148030_20220205_20230428_02_T1
LC09_L1GT_120118_20211215_20230504_02_T2,LC09_L1GT_120118_20230103_20230315_02_T2
LC08_L1TP_044024_20230514_20230523_02_T1,LC09_L1TP_044024_20230709_20230710_02_T1
LC09_L1GT_066116_20211122_20230505_02_T2,LC09_L1GT_066116_20221105_20230323_02_T2
LC08_L1GT_118107_20231113_20231118_02_T2,LC08_L1GT_118107_20231129_20231208_02_T2
LC09_L1GT_072111_20230307_20230308_02_T2,LC08_L1GT_072111_20240113_20240123_02_T2
LC08_L1GT_122111_20221122_20221129_02_T2,LC09_L1GT_122111_20240308_20240308_02_T2
LC08_L1GT_144120_20211231_20220105_02_T2,LC08_L1GT_144120_20220201_20220205_02_T2
LC08_L1GT_025004_20230610_20230614_02_T2,LC08_L1GT_025004_20240308_20240315_02_T2
LC09_L1TP_142037_20231028_20231028_02_T1,LC08_L1TP_142037_20231105_20231110_02_T1
LC08_L1GT_019005_20220731_20220805_02_T2,LC08_L1GT_019005_20230429_20230509_02_T2
LC09_L1TP_009004_20220919_20230328_02_T2,LC08_L1TP_009004_20220927_20221004_02_T2
LC08_L1GT_198117_20210107_20210307_02_T2,LC09_L1GT_198117_20220219_20230427_02_T2
LC08_L1TP_148030_20211227_20220105_02_T1,LC09_L1TP_148030_20220205_20230428_02_T1
LC08_L1TP_027005_20220808_20220817_02_T1,LC09_L1TP_027005_20230616_20230616_02_T2
LC09_L1GT_019005_20220504_20230417_02_T2,LC08_L1GT_019005_20230429_20230509_02_T2
LC09_L1TP_009004_20230330_20230330_02_T1,LC09_L1TP_009004_20230501_20230501_02_T1
LC08_L1TP_008013_20220413_20220420_02_T1,LC09_L1TP_008013_20231001_20231001_02_T1
LC08_L1GT_181131_20230106_20230110_02_T2,LC09_L1GT_181131_20230114_20230314_02_T2
LC09_L1GT_066118_20230225_20230308_02_T2,LC08_L1GT_066118_20231031_20231109_02_T2
LC09_L1TP_044024_20220127_20230430_02_T1,LC09_L1TP_044024_20230709_20230710_02_T1
LC08_L1TP_027005_20220909_20220914_02_T1,LC09_L1TP_027005_20230616_20230616_02_T2
LC08_L1GT_035117_20240110_20240122_02_T2,LC08_L1GT_035117_20240211_20240222_02_T2
LC08_L1TP_020007_20220706_20220722_02_T1,LC08_L1TP_020007_20231029_20231109_02_T1
LO08_L1TP_009004_20230423_20230425_02_T1,LC09_L1TP_009004_20230501_20230501_02_T1
LC09_L1TP_015001_20230425_20230425_02_T1,LC09_L1TP_015001_20230831_20230831_02_T1
LC09_L1GT_072111_20230219_20230309_02_T2,LC08_L1GT_072111_20240113_20240123_02_T2
LC09_L1TP_142038_20220416_20230418_02_T1,LC08_L1TP_142038_20220830_20220910_02_T1
LC08_L1TP_055239_20220422_20220427_02_T2,LC09_L1TP_055239_20220804_20230404_02_T1
LC09_L1TP_142037_20221228_20230316_02_T1,LC08_L1TP_142037_20231105_20231110_02_T1
LC08_L1GT_009004_20220607_20220616_02_T2,LC09_L1TP_009004_20230501_20230501_02_T1
LC09_L1GT_122111_20240104_20240104_02_T2,LC09_L1GT_122111_20240308_20240308_02_T2
LC08_L1GT_181131_20220103_20220114_02_T2,LC09_L1GT_181131_20230114_20230314_02_T2
LC09_L1GT_008010_20220320_20230424_02_T2,LC08_L1GT_008010_20220904_20220914_02_T2
LC09_L1GT_122112_20211213_20230504_02_T2,LC09_L1GT_122112_20220215_20230427_02_T2
LC08_L1GT_019005_20220309_20220315_02_T2,LC08_L1GT_019005_20230429_20230509_02_T2
LC08_L1GT_035117_20240126_20240207_02_T2,LC08_L1GT_035117_20240211_20240222_02_T2
LC08_L1GT_113122_20230126_20230208_02_T2,LC08_L1GT_113122_20240113_20240123_02_T2
LC08_L1TP_054245_20230504_20230509_02_T1,LC08_L1GT_054245_20230824_20230905_02_T2
LC08_L1GT_066116_20211025_20211103_02_T2,LC09_L1GT_066116_20221105_20230323_02_T2
LC08_L1TP_132037_20211024_20211103_02_T1,LC08_L1TP_132037_20221128_20221206_02_T1
LC08_L1TP_054245_20230520_20230602_02_T1,LC08_L1GT_054245_20230824_20230905_02_T2
LC09_L1TP_091239_20220513_20230416_02_T2,LC09_L1GT_091239_20230820_20230820_02_T2
LC08_L1GT_122111_20221208_20221213_02_T2,LC09_L1GT_122111_20240308_20240308_02_T2
LC08_L1TP_020007_20230826_20230905_02_T1,LC08_L1TP_020007_20231029_20231109_02_T1
LC08_L1GT_122111_20230125_20230208_02_T2,LC09_L1GT_122111_20240308_20240308_02_T2
LC09_L1GT_124113_20220301_20230426_02_T2,LC09_L1GT_124113_20221214_20230318_02_T2
LC09_L1TP_015001_20220913_20230329_02_T1,LC09_L1TP_015001_20230831_20230831_02_T1
LC09_L1GT_124113_20220925_20230327_02_T2,LC09_L1GT_124113_20221214_20230318_02_T2
LC09_L1GT_224120_20211223_20230504_02_T2,LC08_L1GT_224120_20230220_20230228_02_T2
LC08_L1TP_231010_20230325_20230404_02_T1,LC09_L1TP_231010_20230707_20230707_02_T1
LO08_L1TP_148030_20201106_20201111_02_T1,LC09_L1TP_148030_20220205_20230428_02_T1
LC09_L1TP_009004_20220514_20230416_02_T1,LC08_L1TP_009004_20220927_20221004_02_T2
LC09_L1TP_142037_20221126_20230320_02_T1,LC08_L1TP_142037_20231105_20231110_02_T1
LC08_L1TP_009004_20220522_20220525_02_T1,LC09_L1TP_009004_20230501_20230501_02_T1
LC08_L1TP_148030_20201208_20210313_02_T1,LC09_L1TP_148030_20220205_20230428_02_T1
LC09_L1TP_136033_20240427_20240427_02_T1,LC09_L1TP_136033_20240529_20240529_02_T1
LC08_L1TP_055239_20210606_20210615_02_T1,LC09_L1TP_055239_20220804_20230404_02_T1
LC08_L1GT_025004_20230509_20230517_02_T2,LC08_L1GT_025004_20240308_20240315_02_T2
LC08_L1GT_122112_20201218_20210309_02_T2,LC09_L1GT_122112_20220215_20230427_02_T2
LC08_L1GT_224120_20221202_20221212_02_T2,LC08_L1GT_224120_20230220_20230228_02_T2
LC09_L1TP_139035_20211122_20230505_02_T1,LC08_L1TP_139035_20221215_20221223_02_T1
LC08_L1GT_198117_20220110_20220114_02_T2,LC09_L1GT_198117_20220219_20230427_02_T2
LC08_L1TP_231010_20230426_20230501_02_T1,LC09_L1TP_231010_20230707_20230707_02_T1
LC08_L1TP_148030_20210821_20210827_02_T1,LC09_L1TP_148030_20220205_20230428_02_T1
LC09_L1TP_044024_20221213_20230318_02_T1,LC09_L1TP_044024_20230709_20230710_02_T1
LC08_L1TP_142037_20231004_20231011_02_T1,LC08_L1TP_142037_20231105_20231110_02_T1
LC08_L1GT_006118_20220125_20220204_02_T2,LC09_L1GT_006118_20221219_20230317_02_T2
LC09_L1TP_058247_20220403_20230423_02_T1,LC08_L1TP_058247_20220801_20220805_02_T1
LC09_L1GT_035117_20231201_20231201_02_T2,LC08_L1GT_035117_20240211_20240222_02_T2
LC09_L1GT_118107_20220830_20230331_02_T2,LC08_L1GT_118107_20231129_20231208_02_T2
LC08_L1GT_124113_20221206_20230112_02_T2,LC09_L1GT_124113_20221214_20230318_02_T2
LC09_L1TP_020007_20230428_20230428_02_T1,LC08_L1TP_020007_20231029_20231109_02_T1
LC09_L1TP_027005_20230328_20230328_02_T1,LC09_L1TP_027005_20230616_20230616_02_T2
LC08_L1TP_148030_20211125_20211201_02_T1,LC09_L1TP_148030_20220205_20230428_02_T1
LC08_L1TP_044024_20230311_20230320_02_T1,LC09_L1TP_044024_20230709_20230710_02_T1
LC09_L1TP_027005_20220731_20230405_02_T1,LC09_L1TP_027005_20230616_20230616_02_T2
LC08_L1TP_231010_20220218_20220301_02_T1,LC09_L1TP_231010_20230707_20230707_02_T1
LC09_L1GT_139114_20221223_20230317_02_T2,LC09_L1GT_139114_20231210_20231210_02_T2
LC08_L1GT_122112_20211221_20211229_02_T2,LC09_L1GT_122112_20220215_20230427_02_T2
LC08_L1TP_221003_20230810_20230812_02_T1,LC08_L1TP_221003_20240321_20240403_02_T1
LC09_L1GT_124113_20220112_20230502_02_T2,LC09_L1GT_124113_20221214_20230318_02_T2
LC08_L1TP_055017_20230628_20230711_02_T1,LC09_L1TP_055017_20230807_20230808_02_T1
LC08_L1GT_124113_20220325_20220329_02_T2,LC09_L1GT_124113_20221214_20230318_02_T2
LC08_L1TP_020007_20220620_20220630_02_T1,LC08_L1TP_020007_20231029_20231109_02_T1
LC08_L1TP_136035_20240622_20240706_02_T1,LC09_L1TP_136035_20240630_20240702_02_T1
LC09_L1TP_136033_20240122_20240122_02_T1,LC09_L1TP_136033_20240529_20240529_02_T1
LC09_L1TP_136033_20230119_20230313_02_T1,LC09_L1TP_136033_20240529_20240529_02_T1
LC08_L1TP_027246_20220723_20220801_02_T1,LC08_L1TP_027246_20230405_20230412_02_T1
LC08_L1TP_142037_20220830_20220910_02_T1,LC08_L1TP_142037_20231105_20231110_02_T1
LC08_L1GT_066118_20230116_20230131_02_T2,LC08_L1GT_066118_20231031_20231109_02_T2
LC08_L1GT_122112_20211205_20211215_02_T2,LC09_L1GT_122112_20220215_20230427_02_T2
LC08_L1TP_231010_20230309_20230320_02_T2,LC09_L1TP_231010_20230707_20230707_02_T1
LC08_L1GT_122111_20221005_20221012_02_T2,LC09_L1GT_122111_20240308_20240308_02_T2
LC09_L1TP_020007_20230818_20230818_02_T1,LC08_L1TP_020007_20231029_20231109_02_T1
LC08_L1GT_175109_20211005_20211013_02_T2,LC09_L1GT_175109_20221117_20230321_02_T2
LC09_L1TP_009004_20220412_20230422_02_T2,LC08_L1TP_009004_20220927_20221004_02_T2
LC08_L1GT_124113_20220120_20220127_02_T2,LC09_L1GT_124113_20221214_20230318_02_T2
LC09_L1TP_142038_20211120_20230506_02_T1,LC08_L1TP_142038_20220830_20220910_02_T1
LC09_L1TP_055239_20220703_20230408_02_T1,LC09_L1TP_055239_20220804_20230404_02_T1
LC09_L1TP_055239_20220617_20230411_02_T1,LC09_L1TP_055239_20220804_20230404_02_T1
LC08_L1GT_224120_20211129_20211208_02_T2,LC08_L1GT_224120_20230220_20230228_02_T2
LC09_L1GT_124113_20221112_20230322_02_T2,LC09_L1GT_124113_20221214_20230318_02_T2
LC09_L1GT_020007_20220511_20230417_02_T2,LC08_L1TP_020007_20231029_20231109_02_T1
LC09_L1TP_055017_20230722_20230723_02_T1,LC09_L1TP_055017_20230807_20230808_02_T1
LC09_L1GT_175109_20220322_20230424_02_T2,LC09_L1GT_175109_20221117_20230321_02_T2
LC09_L1TP_020007_20230327_20230328_02_T1,LC08_L1TP_020007_20231029_20231109_02_T1
LC09_L1TP_142037_20230214_20230310_02_T1,LC08_L1TP_142037_20231105_20231110_02_T1
LC09_L1TP_027246_20220410_20230422_02_T1,LC08_L1TP_027246_20230405_20230412_02_T1
LC09_L1GT_126121_20211225_20230503_02_T2,LC08_L1GT_126121_20220118_20220123_02_T2
LC08_L1GT_233114_20230102_20230111_02_T2,LC08_L1GT_233114_20230118_20230131_02_T2
LC08_L1TP_136033_20231010_20231017_02_T1,LC09_L1TP_136033_20240529_20240529_02_T1
LC08_L1GT_035117_20230224_20230301_02_T2,LC08_L1GT_035117_20240211_20240222_02_T2
LC08_L1TP_148030_20201122_20210315_02_T1,LC09_L1TP_148030_20220205_20230428_02_T1
LC09_L1GT_122111_20230930_20230930_02_T2,LC09_L1GT_122111_20240308_20240308_02_T2
LC08_L1TP_231010_20220914_20220922_02_T1,LC09_L1TP_231010_20230707_20230707_02_T1
LC09_L1TP_136033_20231221_20231223_02_T1,LC09_L1TP_136033_20240529_20240529_02_T1
LC09_L1GT_144120_20220108_20230502_02_T2,LC08_L1GT_144120_20220201_20220205_02_T2
LC09_L1GT_224120_20221023_20230324_02_T2,LC08_L1GT_224120_20230220_20230228_02_T2
LC09_L1TP_020007_20220730_20230405_02_T1,LC08_L1TP_020007_20231029_20231109_02_T1
LC08_L1TP_020007_20230303_20230316_02_T1,LC08_L1TP_020007_20231029_20231109_02_T1
LC09_L1GT_008010_20220523_20230415_02_T2,LC08_L1GT_008010_20220904_20220914_02_T2
LC09_L1TP_015001_20220422_20230419_02_T1,LC09_L1TP_015001_20230831_20230831_02_T1
LC08_L1TP_044024_20220612_20220617_02_T1,LC09_L1TP_044024_20230709_20230710_02_T1
LC09_L1TP_009004_20220428_20230418_02_T1,LC09_L1TP_009004_20230501_20230501_02_T1
LC08_L1TP_148030_20210602_20210608_02_T1,LC09_L1TP_148030_20220205_20230428_02_T1
LC08_L1TP_136033_20240130_20240207_02_T1,LC09_L1TP_136033_20240529_20240529_02_T1
LC08_L1TP_044024_20230412_20230421_02_T1,LC09_L1TP_044024_20230709_20230710_02_T1
LC08_L1TP_020007_20230709_20230718_02_T1,LC08_L1TP_020007_20231029_20231109_02_T1
LC08_L1GT_129122_20221209_20221219_02_T2,LC09_L1GT_129122_20231204_20231204_02_T2
LC09_L1GT_080112_20220123_20230430_02_T2,LC08_L1GT_080112_20230102_20230111_02_T2
LC09_L1GT_144121_20230127_20230312_02_T2,LC08_L1GT_144121_20230220_20230224_02_T2
LC09_L1GT_122111_20230322_20230322_02_T2,LC09_L1GT_122111_20240308_20240308_02_T2
LC08_L1TP_055017_20230103_20230111_02_T1,LC09_L1TP_055017_20230807_20230808_02_T1
LC09_L1GT_210118_20211205_20230505_02_T2,LC08_L1GT_210118_20221114_20221122_02_T2
LC08_L1TP_008013_20230806_20230812_02_T1,LC09_L1TP_008013_20231001_20231001_02_T1
LC08_L1TP_142037_20230206_20230209_02_T1,LC08_L1TP_142037_20231105_20231110_02_T1
LC09_L1GT_118107_20230902_20230902_02_T2,LC08_L1GT_118107_20231129_20231208_02_T2
LC08_L1GT_006118_20211208_20211215_02_T2,LC09_L1GT_006118_20221219_20230317_02_T2
LC09_L1TP_136033_20230612_20230612_02_T1,LC09_L1TP_136033_20240529_20240529_02_T1
LC09_L1GT_066116_20220105_20230502_02_T2,LC09_L1GT_066116_20221105_20230323_02_T2
LC09_L1TP_008013_20220507_20230417_02_T1,LC09_L1TP_008013_20231001_20231001_02_T1
LC08_L1TP_008013_20230923_20231002_02_T1,LC09_L1TP_008013_20231001_20231001_02_T1
LC09_L1TP_142038_20220705_20230408_02_T1,LC08_L1TP_142038_20220830_20220910_02_T1
LC09_L1TP_142037_20220619_20230411_02_T1,LC08_L1TP_142037_20231105_20231110_02_T1
LC09_L1TP_027005_20220816_20230402_02_T1,LC09_L1TP_027005_20230616_20230616_02_T2
LC08_L1GT_055239_20210521_20210529_02_T2,LC09_L1TP_055239_20220804_20230404_02_T1
LC08_L1GT_072111_20221107_20221115_02_T2,LC08_L1GT_072111_20240113_20240123_02_T2
LC08_L1GT_122112_20220106_20220114_02_T2,LC09_L1GT_122112_20220215_20230427_02_T2
LC09_L1GT_120118_20220116_20230501_02_T2,LC09_L1GT_120118_20230103_20230315_02_T2
LC09_L1TP_009004_20220802_20230404_02_T1,LC08_L1TP_009004_20220927_20221004_02_T2
LC09_L1GT_066116_20220121_20230430_02_T2,LC09_L1GT_066116_20221105_20230323_02_T2
LC09_L1GT_035117_20231030_20231030_02_T2,LC08_L1GT_035117_20240211_20240222_02_T2
LC08_L1GT_175109_20211106_20211117_02_T2,LC09_L1GT_175109_20221117_20230321_02_T2
LC08_L1GT_122111_20230109_20230124_02_T2,LC09_L1GT_122111_20240308_20240308_02_T2
LC09_L1TP_044024_20220417_20230421_02_T1,LC09_L1TP_044024_20230709_20230710_02_T1
LC09_L1TP_020007_20230701_20230701_02_T1,LC08_L1TP_020007_20231029_20231109_02_T1
LC08_L1GT_118107_20221212_20230112_02_T2,LC08_L1GT_118107_20231129_20231208_02_T2
LC09_L1TP_020007_20230311_20230311_02_T1,LC08_L1TP_020007_20231029_20231109_02_T1
LC09_L1GT_122111_20231016_20231016_02_T2,LC09_L1GT_122111_20240308_20240308_02_T2
LC08_L1GT_224120_20221116_20221122_02_T2,LC08_L1GT_224120_20230220_20230228_02_T2
LC09_L1TP_009004_20220530_20230414_02_T2,LC08_L1TP_009004_20220927_20221004_02_T2
LC08_L1TP_015001_20220804_20220817_02_T1,LC09_L1TP_015001_20230831_20230831_02_T1
LC09_L1GT_224112_20221108_20230322_02_T2,LC08_L1GT_224112_20240326_20240409_02_T2
LC08_L1TP_009004_20220404_20220412_02_T2,LC09_L1TP_009004_20230501_20230501_02_T1
LC08_L1GT_205122_20221229_20230104_02_T2,LC08_L1GT_205122_20231130_20231209_02_T2
LC09_L1TP_148030_20220120_20230430_02_T1,LC09_L1TP_148030_20220205_20230428_02_T1
LC08_L1GT_118107_20230129_20230227_02_T2,LC08_L1GT_118107_20231129_20231208_02_T2
LC08_L1GT_006118_20211106_20211117_02_T2,LC09_L1GT_006118_20221219_20230317_02_T2
LC09_L1TP_055017_20220414_20230422_02_T1,LC09_L1TP_055017_20230807_20230808_02_T1
LC08_L1TP_008013_20230518_20230524_02_T1,LC09_L1TP_008013_20231001_20231001_02_T1
LC08_L1GT_122112_20210916_20210924_02_T2,LC09_L1GT_122112_20220215_20230427_02_T2
LC08_L1TP_136033_20230722_20230803_02_T1,LC09_L1TP_136033_20240529_20240529_02_T1
LC09_L1TP_027005_20220512_20230416_02_T1,LC09_L1TP_027005_20230616_20230616_02_T2
LC08_L1TP_142037_20230326_20230404_02_T1,LC08_L1TP_142037_20231105_20231110_02_T1
LC09_L1GT_144120_20211207_20230505_02_T2,LC08_L1GT_144120_20220201_20220205_02_T2
LC09_L1TP_027005_20230531_20230531_02_T1,LC09_L1TP_027005_20230616_20230616_02_T2
LC08_L1TP_132037_20220808_20220818_02_T1,LC08_L1TP_132037_20221128_20221206_02_T1
LC09_L1TP_020007_20220916_20230329_02_T1,LC08_L1TP_020007_20231029_20231109_02_T1
LC09_L1TP_132037_20211219_20230504_02_T1,LC08_L1TP_132037_20221128_20221206_02_T1
LC09_L1TP_055239_20220601_20230414_02_T2,LC09_L1TP_055239_20220804_20230404_02_T1
LC08_L1GT_233114_20221201_20221212_02_T2,LC08_L1GT_233114_20230118_20230131_02_T2
LC09_L1TP_139035_20221121_20230321_02_T1,LC08_L1TP_139035_20221215_20221223_02_T1
LC09_L1GT_049120_20221130_20230319_02_T2,LC08_L1GT_049120_20221224_20230103_02_T2
LC09_L1GT_124113_20220213_20230427_02_T2,LC09_L1GT_124113_20221214_20230318_02_T2
LC09_L1GT_077120_20221204_20230318_02_T2,LC08_L1GT_077120_20230113_20230130_02_T2
LC09_L1TP_132037_20220325_20230424_02_T1,LC08_L1TP_132037_20221128_20221206_02_T1
LC09_L1TP_136033_20230511_20230511_02_T1,LC09_L1TP_136033_20240529_20240529_02_T1
LC08_L1TP_136033_20240318_20240402_02_T1,LC09_L1TP_136033_20240529_20240529_02_T1
LC08_L1TP_142037_20221118_20221128_02_T1,LC08_L1TP_142037_20231105_20231110_02_T1
LC09_L1TP_142038_20220619_20230411_02_T1,LC08_L1TP_142038_20220830_20220910_02_T1
LC09_L1TP_044024_20220807_20230403_02_T1,LC09_L1TP_044024_20230709_20230710_02_T1
LC09_L1TP_136033_20230220_20230309_02_T1,LC09_L1TP_136033_20240529_20240529_02_T1
LC08_L1GT_224120_20230204_20230209_02_T2,LC08_L1GT_224120_20230220_20230228_02_T2
LC09_L1TP_136033_20240513_20240513_02_T1,LC09_L1TP_136033_20240529_20240529_02_T1
LC09_L1GT_210118_20220207_20230428_02_T2,LC08_L1GT_210118_20221114_20221122_02_T2
LC08_L1GT_019005_20220613_20220617_02_T2,LC08_L1GT_019005_20230429_20230509_02_T2
LC09_L1GT_049120_20220114_20230502_02_T2,LC08_L1GT_049120_20221224_20230103_02_T2
LC09_L1TP_009004_20220701_20230409_02_T1,LC09_L1TP_009004_20230501_20230501_02_T1
LC09_L1TP_015001_20220625_20230409_02_T1,LC09_L1TP_015001_20230831_20230831_02_T1
LC09_L1TP_142038_20220110_20230502_02_T1,LC08_L1TP_142038_20220830_20220910_02_T1
LC09_L1TP_091239_20220427_20230418_02_T2,LC09_L1GT_091239_20230820_20230820_02_T2
LC09_L1TP_008013_20220811_20230403_02_T1,LC09_L1TP_008013_20231001_20231001_02_T1
LC08_L1TP_015001_20230401_20230411_02_T1,LC09_L1TP_015001_20230831_20230831_02_T1
LC08_L1GT_144121_20221031_20221108_02_T2,LC08_L1GT_144121_20230220_20230224_02_T2
LC08_L1TP_044024_20220308_20220315_02_T1,LC09_L1TP_044024_20230709_20230710_02_T1
LC09_L1TP_044024_20221229_20230315_02_T1,LC09_L1TP_044024_20230709_20230710_02_T1
LC08_L1GT_066116_20211110_20211117_02_T2,LC09_L1GT_066116_20221105_20230323_02_T2
LC09_L1TP_231010_20220501_20230418_02_T1,LC09_L1TP_231010_20230707_20230707_02_T1
LC08_L1GT_008010_20220819_20221005_02_T2,LC08_L1GT_008010_20220904_20220914_02_T2
LC08_L1TP_054245_20230707_20230718_02_T1,LC08_L1GT_054245_20230824_20230905_02_T2
LC09_L1TP_009004_20230415_20230415_02_T1,LC09_L1TP_009004_20230501_20230501_02_T1
LC09_L1TP_142037_20230113_20230314_02_T1,LC08_L1TP_142037_20231105_20231110_02_T1
LC09_L1TP_142037_20230809_20230809_02_T1,LC08_L1TP_142037_20231105_20231110_02_T1
LC08_L1GT_072111_20221209_20221219_02_T2,LC08_L1GT_072111_20240113_20240123_02_T2
LC08_L1TP_136033_20240403_20240411_02_T1,LC09_L1TP_136033_20240529_20240529_02_T1
LC08_L1TP_148030_20220112_20220123_02_T1,LC09_L1TP_148030_20220205_20230428_02_T1
LC09_L1TP_015001_20230628_20230628_02_T1,LC09_L1TP_015001_20230831_20230831_02_T1
LC09_L1GT_072111_20231118_20231118_02_T2,LC08_L1GT_072111_20240113_20240123_02_T2
LC08_L1TP_027005_20230608_20230614_02_T1,LC09_L1TP_027005_20230616_20230616_02_T2
LC08_L1GT_139114_20230201_20230208_02_T2,LC09_L1GT_139114_20231210_20231210_02_T2
LC08_L1GT_124113_20211101_20211109_02_T2,LC09_L1GT_124113_20221214_20230318_02_T2
LC09_L1GT_118107_20230105_20230314_02_T2,LC08_L1GT_118107_20231129_20231208_02_T2
LC09_L1TP_027005_20230429_20230429_02_T2,LC09_L1TP_027005_20230616_20230616_02_T2
LC09_L1GT_122112_20211107_20230506_02_T2,LC09_L1GT_122112_20220215_20230427_02_T2
LC09_L1GT_027005_20220901_20230331_02_T2,LC09_L1TP_027005_20230616_20230616_02_T2
LC08_L1TP_009004_20220927_20221004_02_T2,LC09_L1TP_009004_20230501_20230501_02_T1
LC08_L1TP_020007_20230506_20230517_02_T1,LC08_L1TP_020007_20231029_20231109_02_T1
LC09_L1GT_118108_20230105_20230314_02_T2,LC09_L1GT_118108_20230902_20230902_02_T2
LC09_L1TP_054245_20220407_20230422_02_T1,LC08_L1GT_054245_20230824_20230905_02_T2
LC09_L1TP_139035_20220427_20230418_02_T1,LC08_L1TP_139035_20221215_20221223_02_T1
LC08_L1TP_136033_20240114_20240123_02_T1,LC09_L1TP_136033_20240529_20240529_02_T1
LC08_L1GT_072111_20231126_20231129_02_T2,LC08_L1GT_072111_20240113_20240123_02_T2
LC08_L1TP_142037_20221001_20221005_02_T1,LC08_L1TP_142037_20231105_20231110_02_T1
LC09_L1TP_142037_20221110_20230322_02_T1,LC08_L1TP_142037_20231105_20231110_02_T1
LC09_L1TP_136033_20230831_20230831_02_T1,LC09_L1TP_136033_20240529_20240529_02_T1
LC08_L1TP_027246_20220808_20220818_02_T1,LC08_L1TP_027246_20230405_20230412_02_T1
LC08_L1GT_025004_20230829_20230906_02_T2,LC08_L1GT_025004_20240308_20240315_02_T2
LC09_L1GT_118108_20230411_20230411_02_T2,LC09_L1GT_118108_20230902_20230902_02_T2
LC08_L1TP_148030_20210125_20210305_02_T1,LC09_L1TP_148030_20220205_20230428_02_T1
LC08_L1TP_142037_20230427_20230501_02_T1,LC08_L1TP_142037_20231105_20231110_02_T1
LC09_L1GT_224120_20230111_20230314_02_T2,LC08_L1GT_224120_20230220_20230228_02_T2
LC08_L1TP_055017_20221116_20221128_02_T1,LC09_L1TP_055017_20230807_20230808_02_T1
LC08_L1GT_055239_20210708_20210713_02_T2,LC09_L1TP_055239_20220804_20230404_02_T1
LC09_L1TP_231010_20220821_20230401_02_T1,LC09_L1TP_231010_20230707_20230707_02_T1
LC09_L1TP_142037_20230724_20230724_02_T1,LC08_L1TP_142037_20231105_20231110_02_T1
LC08_L1TP_015001_20220905_20220914_02_T1,LC09_L1TP_015001_20230831_20230831_02_T1
LC08_L1TP_142037_20230513_20230518_02_T1,LC08_L1TP_142037_20231105_20231110_02_T1
LC09_L1GT_077120_20221220_20230317_02_T2,LC08_L1GT_077120_20230113_20230130_02_T2
LC09_L1TP_231010_20230402_20230402_02_T1,LC09_L1TP_231010_20230707_20230707_02_T1
LC08_L1GT_224120_20211215_20211223_02_T2,LC08_L1GT_224120_20230220_20230228_02_T2
LC09_L1TP_008013_20220608_20230413_02_T1,LC09_L1TP_008013_20231001_20231001_02_T1
LC09_L1GT_233114_20221225_20230317_02_T2,LC08_L1GT_233114_20230118_20230131_02_T2
LC08_L1TP_009004_20230407_20230420_02_T1,LC09_L1TP_009004_20230501_20230501_02_T1
LC08_L1TP_136033_20221226_20230103_02_T1,LC09_L1TP_136033_20240529_20240529_02_T1
LC09_L1GT_006118_20221203_20230319_02_T2,LC09_L1GT_006118_20221219_20230317_02_T2
LC09_L1TP_139035_20220630_20230407_02_T1,LC08_L1TP_139035_20221215_20221223_02_T1
LC08_L1TP_142037_20230902_20230911_02_T1,LC08_L1TP_142037_20231105_20231110_02_T1
LO09_L1GT_231112_20220314_20230424_02_T2,LC08_L1GT_231112_20220322_20220329_02_T2
LC08_L1TP_027005_20230304_20230316_02_T2,LC09_L1TP_027005_20230616_20230616_02_T2
LC09_L1GT_072111_20221201_20230319_02_T2,LC08_L1GT_072111_20240113_20240123_02_T2
LC08_L1TP_044024_20230223_20230301_02_T1,LC09_L1TP_044024_20230709_20230710_02_T1
LC08_L1GT_233114_20211230_20220105_02_T2,LC08_L1GT_233114_20230118_20230131_02_T2
LC09_L1TP_136033_20230815_20230815_02_T1,LC09_L1TP_136033_20240529_20240529_02_T1
LC08_L1GT_066116_20211228_20220105_02_T2,LC09_L1GT_066116_20221105_20230323_02_T2
LC08_L1GT_122112_20210308_20210317_02_T2,LC09_L1GT_122112_20220215_20230427_02_T2
LC09_L1TP_058247_20220505_20230417_02_T1,LC08_L1TP_058247_20220801_20220805_02_T1
LC08_L1TP_055239_20210622_20210630_02_T1,LC09_L1TP_055239_20220804_20230404_02_T1
LC09_L1GT_120118_20211231_20230503_02_T2,LC09_L1GT_120118_20230103_20230315_02_T2
LC09_L1TP_055017_20220617_20230411_02_T1,LC09_L1TP_055017_20230807_20230808_02_T1
LC09_L1TP_009004_20220327_20230423_02_T2,LC08_L1TP_009004_20220927_20221004_02_T2
LC09_L1GT_072111_20231204_20231205_02_T2,LC08_L1GT_072111_20240113_20240123_02_T2
LC09_L1GT_118107_20231121_20231121_02_T2,LC08_L1GT_118107_20231129_20231208_02_T2
